-- =====================================================================
-- TAJ HOTELS DATABASE SEED SCRIPT
-- Database: hotel
-- Generated seed data: 100 realistic rows per table
-- Order respects logical dependencies (dept/job -> emp -> hotel -> room_type
-- -> customer -> room -> booking -> invoice -> payment)
-- =====================================================================

USE hotel;

-- ---------------------------------------------------------------------
-- STEP 1: SHOW ALL TABLES + DESCRIBE EACH (schema inspection)
-- ---------------------------------------------------------------------
SHOW TABLES;
DESC booking;
DESC customer;
DESC dept_info;
DESC emp_info;
DESC hotel;
DESC invoice;
DESC job_info;
DESC payment;
DESC room;
DESC room_type;

-- ---------------------------------------------------------------------
-- STEP 2: CLEAR ALL EXISTING DATA (child tables first)
-- ---------------------------------------------------------------------
DELETE FROM payment;
DELETE FROM invoice;
DELETE FROM booking;
DELETE FROM room;
DELETE FROM customer;
DELETE FROM room_type;
DELETE FROM hotel;
DELETE FROM emp_info;
DELETE FROM job_info;
DELETE FROM dept_info;

-- ---------------------------------------------------------------------
-- STEP 3.x: INSERT DATA INTO dept_info (100 rows)
-- ---------------------------------------------------------------------
INSERT INTO dept_info (dept_id, dept_name, dept_desc, status, created_date, created_by) VALUES ('DEPT001', 'Front Office', 'Handles all front office operations across Taj properties, ensuring five-star guest experience.', 'Active', '2018-04-13', 'hr_neha');
INSERT INTO dept_info (dept_id, dept_name, dept_desc, status, created_date, created_by) VALUES ('DEPT002', 'Housekeeping', 'Handles all housekeeping operations across Taj properties, ensuring five-star guest experience.', 'Active', '2020-07-03', 'frontdesk_priya');
INSERT INTO dept_info (dept_id, dept_name, dept_desc, status, created_date, created_by) VALUES ('DEPT003', 'Food & Beverage', 'Handles all food & beverage operations across Taj properties, ensuring five-star guest experience.', 'Active', '2025-08-03', 'ops_karan');
INSERT INTO dept_info (dept_id, dept_name, dept_desc, status, created_date, created_by) VALUES ('DEPT004', 'Concierge', 'Handles all concierge operations across Taj properties, ensuring five-star guest experience.', 'Active', '2024-08-15', 'supervisor_kavya');
INSERT INTO dept_info (dept_id, dept_name, dept_desc, status, created_date, created_by) VALUES ('DEPT005', 'Spa & Wellness', 'Handles all spa & wellness operations across Taj properties, ensuring five-star guest experience.', 'Active', '2018-05-03', 'reception1');
INSERT INTO dept_info (dept_id, dept_name, dept_desc, status, created_date, created_by) VALUES ('DEPT006', 'Security', 'Handles all security operations across Taj properties, ensuring five-star guest experience.', 'Active', '2020-08-10', 'ops_karan');
INSERT INTO dept_info (dept_id, dept_name, dept_desc, status, created_date, created_by) VALUES ('DEPT007', 'Human Resources', 'Handles all human resources operations across Taj properties, ensuring five-star guest experience.', 'Active', '2024-04-17', 'manager_raj');
INSERT INTO dept_info (dept_id, dept_name, dept_desc, status, created_date, created_by) VALUES ('DEPT008', 'Finance & Accounts', 'Handles all finance & accounts operations across Taj properties, ensuring five-star guest experience.', 'Inactive', '2020-06-21', 'staff_dev');
INSERT INTO dept_info (dept_id, dept_name, dept_desc, status, created_date, created_by) VALUES ('DEPT009', 'Sales & Marketing', 'Handles all sales & marketing operations across Taj properties, ensuring five-star guest experience.', 'Active', '2018-01-27', 'frontdesk_priya');
INSERT INTO dept_info (dept_id, dept_name, dept_desc, status, created_date, created_by) VALUES ('DEPT010', 'Banquet & Events', 'Handles all banquet & events operations across Taj properties, ensuring five-star guest experience.', 'Inactive', '2021-10-25', 'hr_neha');
INSERT INTO dept_info (dept_id, dept_name, dept_desc, status, created_date, created_by) VALUES ('DEPT011', 'Kitchen & Culinary', 'Handles all kitchen & culinary operations across Taj properties, ensuring five-star guest experience.', 'Active', '2020-05-31', 'concierge_amit');
INSERT INTO dept_info (dept_id, dept_name, dept_desc, status, created_date, created_by) VALUES ('DEPT012', 'Valet Services', 'Handles all valet services operations across Taj properties, ensuring five-star guest experience.', 'Active', '2019-01-15', 'supervisor_kavya');
INSERT INTO dept_info (dept_id, dept_name, dept_desc, status, created_date, created_by) VALUES ('DEPT013', 'Guest Relations', 'Handles all guest relations operations across Taj properties, ensuring five-star guest experience.', 'Active', '2022-01-10', 'concierge_amit');
INSERT INTO dept_info (dept_id, dept_name, dept_desc, status, created_date, created_by) VALUES ('DEPT014', 'IT & Systems', 'Handles all it & systems operations across Taj properties, ensuring five-star guest experience.', 'Active', '2018-06-27', 'staff_dev');
INSERT INTO dept_info (dept_id, dept_name, dept_desc, status, created_date, created_by) VALUES ('DEPT015', 'Engineering & Maintenance', 'Handles all engineering & maintenance operations across Taj properties, ensuring five-star guest experience.', 'Active', '2022-03-31', 'reception1');
INSERT INTO dept_info (dept_id, dept_name, dept_desc, status, created_date, created_by) VALUES ('DEPT016', 'Purchase & Procurement', 'Handles all purchase & procurement operations across Taj properties, ensuring five-star guest experience.', 'Active', '2025-01-18', 'director_meera');
INSERT INTO dept_info (dept_id, dept_name, dept_desc, status, created_date, created_by) VALUES ('DEPT017', 'Laundry Services', 'Handles all laundry services operations across Taj properties, ensuring five-star guest experience.', 'Active', '2024-06-22', 'manager_raj');
INSERT INTO dept_info (dept_id, dept_name, dept_desc, status, created_date, created_by) VALUES ('DEPT018', 'Health Club', 'Handles all health club operations across Taj properties, ensuring five-star guest experience.', 'Active', '2018-07-07', 'manager_raj');
INSERT INTO dept_info (dept_id, dept_name, dept_desc, status, created_date, created_by) VALUES ('DEPT019', 'Business Centre', 'Handles all business centre operations across Taj properties, ensuring five-star guest experience.', 'Active', '2018-11-23', 'manager_raj');
INSERT INTO dept_info (dept_id, dept_name, dept_desc, status, created_date, created_by) VALUES ('DEPT020', 'Transport & Fleet', 'Handles all transport & fleet operations across Taj properties, ensuring five-star guest experience.', 'Active', '2022-04-06', 'hr_neha');
INSERT INTO dept_info (dept_id, dept_name, dept_desc, status, created_date, created_by) VALUES ('DEPT021', 'Front Office - Wing 2', 'Handles all front office operations across Taj properties, ensuring five-star guest experience.', 'Inactive', '2025-02-16', 'concierge_amit');
INSERT INTO dept_info (dept_id, dept_name, dept_desc, status, created_date, created_by) VALUES ('DEPT022', 'Housekeeping - Wing 2', 'Handles all housekeeping operations across Taj properties, ensuring five-star guest experience.', 'Active', '2022-02-25', 'concierge_amit');
INSERT INTO dept_info (dept_id, dept_name, dept_desc, status, created_date, created_by) VALUES ('DEPT023', 'Food & Beverage - Wing 2', 'Handles all food & beverage operations across Taj properties, ensuring five-star guest experience.', 'Active', '2025-07-08', 'hr_neha');
INSERT INTO dept_info (dept_id, dept_name, dept_desc, status, created_date, created_by) VALUES ('DEPT024', 'Concierge - Wing 2', 'Handles all concierge operations across Taj properties, ensuring five-star guest experience.', 'Active', '2024-10-31', 'frontdesk_priya');
INSERT INTO dept_info (dept_id, dept_name, dept_desc, status, created_date, created_by) VALUES ('DEPT025', 'Spa & Wellness - Wing 2', 'Handles all spa & wellness operations across Taj properties, ensuring five-star guest experience.', 'Active', '2019-11-01', 'staff_dev');
INSERT INTO dept_info (dept_id, dept_name, dept_desc, status, created_date, created_by) VALUES ('DEPT026', 'Security - Wing 2', 'Handles all security operations across Taj properties, ensuring five-star guest experience.', 'Inactive', '2021-01-10', 'ops_karan');
INSERT INTO dept_info (dept_id, dept_name, dept_desc, status, created_date, created_by) VALUES ('DEPT027', 'Human Resources - Wing 2', 'Handles all human resources operations across Taj properties, ensuring five-star guest experience.', 'Active', '2025-09-05', 'concierge_amit');
INSERT INTO dept_info (dept_id, dept_name, dept_desc, status, created_date, created_by) VALUES ('DEPT028', 'Finance & Accounts - Wing 2', 'Handles all finance & accounts operations across Taj properties, ensuring five-star guest experience.', 'Active', '2020-07-27', 'admin');
INSERT INTO dept_info (dept_id, dept_name, dept_desc, status, created_date, created_by) VALUES ('DEPT029', 'Sales & Marketing - Wing 2', 'Handles all sales & marketing operations across Taj properties, ensuring five-star guest experience.', 'Active', '2022-07-02', 'hr_neha');
INSERT INTO dept_info (dept_id, dept_name, dept_desc, status, created_date, created_by) VALUES ('DEPT030', 'Banquet & Events - Wing 2', 'Handles all banquet & events operations across Taj properties, ensuring five-star guest experience.', 'Active', '2020-05-14', 'director_meera');
INSERT INTO dept_info (dept_id, dept_name, dept_desc, status, created_date, created_by) VALUES ('DEPT031', 'Kitchen & Culinary - Wing 2', 'Handles all kitchen & culinary operations across Taj properties, ensuring five-star guest experience.', 'Active', '2020-05-20', 'staff_dev');
INSERT INTO dept_info (dept_id, dept_name, dept_desc, status, created_date, created_by) VALUES ('DEPT032', 'Valet Services - Wing 2', 'Handles all valet services operations across Taj properties, ensuring five-star guest experience.', 'Inactive', '2025-03-18', 'staff_dev');
INSERT INTO dept_info (dept_id, dept_name, dept_desc, status, created_date, created_by) VALUES ('DEPT033', 'Guest Relations - Wing 2', 'Handles all guest relations operations across Taj properties, ensuring five-star guest experience.', 'Active', '2020-12-20', 'frontdesk_priya');
INSERT INTO dept_info (dept_id, dept_name, dept_desc, status, created_date, created_by) VALUES ('DEPT034', 'IT & Systems - Wing 2', 'Handles all it & systems operations across Taj properties, ensuring five-star guest experience.', 'Active', '2026-05-10', 'ops_karan');
INSERT INTO dept_info (dept_id, dept_name, dept_desc, status, created_date, created_by) VALUES ('DEPT035', 'Engineering & Maintenance - Wing 2', 'Handles all engineering & maintenance operations across Taj properties, ensuring five-star guest experience.', 'Active', '2026-05-18', 'director_meera');
INSERT INTO dept_info (dept_id, dept_name, dept_desc, status, created_date, created_by) VALUES ('DEPT036', 'Purchase & Procurement - Wing 2', 'Handles all purchase & procurement operations across Taj properties, ensuring five-star guest experience.', 'Inactive', '2024-07-18', 'supervisor_kavya');
INSERT INTO dept_info (dept_id, dept_name, dept_desc, status, created_date, created_by) VALUES ('DEPT037', 'Laundry Services - Wing 2', 'Handles all laundry services operations across Taj properties, ensuring five-star guest experience.', 'Active', '2020-06-17', 'frontdesk_priya');
INSERT INTO dept_info (dept_id, dept_name, dept_desc, status, created_date, created_by) VALUES ('DEPT038', 'Health Club - Wing 2', 'Handles all health club operations across Taj properties, ensuring five-star guest experience.', 'Inactive', '2019-01-08', 'admin');
INSERT INTO dept_info (dept_id, dept_name, dept_desc, status, created_date, created_by) VALUES ('DEPT039', 'Business Centre - Wing 2', 'Handles all business centre operations across Taj properties, ensuring five-star guest experience.', 'Active', '2019-09-19', 'frontdesk_priya');
INSERT INTO dept_info (dept_id, dept_name, dept_desc, status, created_date, created_by) VALUES ('DEPT040', 'Transport & Fleet - Wing 2', 'Handles all transport & fleet operations across Taj properties, ensuring five-star guest experience.', 'Inactive', '2024-09-08', 'reception1');
INSERT INTO dept_info (dept_id, dept_name, dept_desc, status, created_date, created_by) VALUES ('DEPT041', 'Front Office - Wing 3', 'Handles all front office operations across Taj properties, ensuring five-star guest experience.', 'Inactive', '2022-04-13', 'director_meera');
INSERT INTO dept_info (dept_id, dept_name, dept_desc, status, created_date, created_by) VALUES ('DEPT042', 'Housekeeping - Wing 3', 'Handles all housekeeping operations across Taj properties, ensuring five-star guest experience.', 'Inactive', '2023-12-08', 'hr_neha');
INSERT INTO dept_info (dept_id, dept_name, dept_desc, status, created_date, created_by) VALUES ('DEPT043', 'Food & Beverage - Wing 3', 'Handles all food & beverage operations across Taj properties, ensuring five-star guest experience.', 'Active', '2025-08-18', 'reception1');
INSERT INTO dept_info (dept_id, dept_name, dept_desc, status, created_date, created_by) VALUES ('DEPT044', 'Concierge - Wing 3', 'Handles all concierge operations across Taj properties, ensuring five-star guest experience.', 'Active', '2025-03-10', 'concierge_amit');
INSERT INTO dept_info (dept_id, dept_name, dept_desc, status, created_date, created_by) VALUES ('DEPT045', 'Spa & Wellness - Wing 3', 'Handles all spa & wellness operations across Taj properties, ensuring five-star guest experience.', 'Active', '2021-04-17', 'supervisor_kavya');
INSERT INTO dept_info (dept_id, dept_name, dept_desc, status, created_date, created_by) VALUES ('DEPT046', 'Security - Wing 3', 'Handles all security operations across Taj properties, ensuring five-star guest experience.', 'Active', '2023-02-02', 'admin');
INSERT INTO dept_info (dept_id, dept_name, dept_desc, status, created_date, created_by) VALUES ('DEPT047', 'Human Resources - Wing 3', 'Handles all human resources operations across Taj properties, ensuring five-star guest experience.', 'Active', '2023-08-13', 'frontdesk_priya');
INSERT INTO dept_info (dept_id, dept_name, dept_desc, status, created_date, created_by) VALUES ('DEPT048', 'Finance & Accounts - Wing 3', 'Handles all finance & accounts operations across Taj properties, ensuring five-star guest experience.', 'Active', '2025-01-05', 'hr_neha');
INSERT INTO dept_info (dept_id, dept_name, dept_desc, status, created_date, created_by) VALUES ('DEPT049', 'Sales & Marketing - Wing 3', 'Handles all sales & marketing operations across Taj properties, ensuring five-star guest experience.', 'Active', '2019-09-19', 'concierge_amit');
INSERT INTO dept_info (dept_id, dept_name, dept_desc, status, created_date, created_by) VALUES ('DEPT050', 'Banquet & Events - Wing 3', 'Handles all banquet & events operations across Taj properties, ensuring five-star guest experience.', 'Active', '2024-01-19', 'ops_karan');
INSERT INTO dept_info (dept_id, dept_name, dept_desc, status, created_date, created_by) VALUES ('DEPT051', 'Kitchen & Culinary - Wing 3', 'Handles all kitchen & culinary operations across Taj properties, ensuring five-star guest experience.', 'Active', '2024-09-19', 'concierge_amit');
INSERT INTO dept_info (dept_id, dept_name, dept_desc, status, created_date, created_by) VALUES ('DEPT052', 'Valet Services - Wing 3', 'Handles all valet services operations across Taj properties, ensuring five-star guest experience.', 'Inactive', '2018-03-21', 'reception1');
INSERT INTO dept_info (dept_id, dept_name, dept_desc, status, created_date, created_by) VALUES ('DEPT053', 'Guest Relations - Wing 3', 'Handles all guest relations operations across Taj properties, ensuring five-star guest experience.', 'Active', '2021-06-13', 'manager_raj');
INSERT INTO dept_info (dept_id, dept_name, dept_desc, status, created_date, created_by) VALUES ('DEPT054', 'IT & Systems - Wing 3', 'Handles all it & systems operations across Taj properties, ensuring five-star guest experience.', 'Active', '2020-09-13', 'director_meera');
INSERT INTO dept_info (dept_id, dept_name, dept_desc, status, created_date, created_by) VALUES ('DEPT055', 'Engineering & Maintenance - Wing 3', 'Handles all engineering & maintenance operations across Taj properties, ensuring five-star guest experience.', 'Active', '2018-12-17', 'staff_dev');
INSERT INTO dept_info (dept_id, dept_name, dept_desc, status, created_date, created_by) VALUES ('DEPT056', 'Purchase & Procurement - Wing 3', 'Handles all purchase & procurement operations across Taj properties, ensuring five-star guest experience.', 'Active', '2023-12-22', 'frontdesk_priya');
INSERT INTO dept_info (dept_id, dept_name, dept_desc, status, created_date, created_by) VALUES ('DEPT057', 'Laundry Services - Wing 3', 'Handles all laundry services operations across Taj properties, ensuring five-star guest experience.', 'Active', '2025-05-26', 'staff_dev');
INSERT INTO dept_info (dept_id, dept_name, dept_desc, status, created_date, created_by) VALUES ('DEPT058', 'Health Club - Wing 3', 'Handles all health club operations across Taj properties, ensuring five-star guest experience.', 'Active', '2020-12-21', 'ops_karan');
INSERT INTO dept_info (dept_id, dept_name, dept_desc, status, created_date, created_by) VALUES ('DEPT059', 'Business Centre - Wing 3', 'Handles all business centre operations across Taj properties, ensuring five-star guest experience.', 'Inactive', '2020-05-17', 'ops_karan');
INSERT INTO dept_info (dept_id, dept_name, dept_desc, status, created_date, created_by) VALUES ('DEPT060', 'Transport & Fleet - Wing 3', 'Handles all transport & fleet operations across Taj properties, ensuring five-star guest experience.', 'Active', '2025-12-30', 'hr_neha');
INSERT INTO dept_info (dept_id, dept_name, dept_desc, status, created_date, created_by) VALUES ('DEPT061', 'Front Office - Wing 4', 'Handles all front office operations across Taj properties, ensuring five-star guest experience.', 'Inactive', '2025-07-14', 'concierge_amit');
INSERT INTO dept_info (dept_id, dept_name, dept_desc, status, created_date, created_by) VALUES ('DEPT062', 'Housekeeping - Wing 4', 'Handles all housekeeping operations across Taj properties, ensuring five-star guest experience.', 'Inactive', '2023-10-21', 'staff_dev');
INSERT INTO dept_info (dept_id, dept_name, dept_desc, status, created_date, created_by) VALUES ('DEPT063', 'Food & Beverage - Wing 4', 'Handles all food & beverage operations across Taj properties, ensuring five-star guest experience.', 'Active', '2020-10-12', 'manager_raj');
INSERT INTO dept_info (dept_id, dept_name, dept_desc, status, created_date, created_by) VALUES ('DEPT064', 'Concierge - Wing 4', 'Handles all concierge operations across Taj properties, ensuring five-star guest experience.', 'Active', '2021-10-16', 'admin');
INSERT INTO dept_info (dept_id, dept_name, dept_desc, status, created_date, created_by) VALUES ('DEPT065', 'Spa & Wellness - Wing 4', 'Handles all spa & wellness operations across Taj properties, ensuring five-star guest experience.', 'Active', '2024-08-07', 'manager_raj');
INSERT INTO dept_info (dept_id, dept_name, dept_desc, status, created_date, created_by) VALUES ('DEPT066', 'Security - Wing 4', 'Handles all security operations across Taj properties, ensuring five-star guest experience.', 'Active', '2018-10-18', 'admin');
INSERT INTO dept_info (dept_id, dept_name, dept_desc, status, created_date, created_by) VALUES ('DEPT067', 'Human Resources - Wing 4', 'Handles all human resources operations across Taj properties, ensuring five-star guest experience.', 'Active', '2018-10-04', 'admin');
INSERT INTO dept_info (dept_id, dept_name, dept_desc, status, created_date, created_by) VALUES ('DEPT068', 'Finance & Accounts - Wing 4', 'Handles all finance & accounts operations across Taj properties, ensuring five-star guest experience.', 'Active', '2018-10-18', 'ops_karan');
INSERT INTO dept_info (dept_id, dept_name, dept_desc, status, created_date, created_by) VALUES ('DEPT069', 'Sales & Marketing - Wing 4', 'Handles all sales & marketing operations across Taj properties, ensuring five-star guest experience.', 'Active', '2021-02-14', 'staff_dev');
INSERT INTO dept_info (dept_id, dept_name, dept_desc, status, created_date, created_by) VALUES ('DEPT070', 'Banquet & Events - Wing 4', 'Handles all banquet & events operations across Taj properties, ensuring five-star guest experience.', 'Active', '2024-01-18', 'frontdesk_priya');
INSERT INTO dept_info (dept_id, dept_name, dept_desc, status, created_date, created_by) VALUES ('DEPT071', 'Kitchen & Culinary - Wing 4', 'Handles all kitchen & culinary operations across Taj properties, ensuring five-star guest experience.', 'Inactive', '2020-09-22', 'staff_dev');
INSERT INTO dept_info (dept_id, dept_name, dept_desc, status, created_date, created_by) VALUES ('DEPT072', 'Valet Services - Wing 4', 'Handles all valet services operations across Taj properties, ensuring five-star guest experience.', 'Inactive', '2020-02-19', 'reception1');
INSERT INTO dept_info (dept_id, dept_name, dept_desc, status, created_date, created_by) VALUES ('DEPT073', 'Guest Relations - Wing 4', 'Handles all guest relations operations across Taj properties, ensuring five-star guest experience.', 'Active', '2025-05-23', 'supervisor_kavya');
INSERT INTO dept_info (dept_id, dept_name, dept_desc, status, created_date, created_by) VALUES ('DEPT074', 'IT & Systems - Wing 4', 'Handles all it & systems operations across Taj properties, ensuring five-star guest experience.', 'Active', '2022-10-01', 'supervisor_kavya');
INSERT INTO dept_info (dept_id, dept_name, dept_desc, status, created_date, created_by) VALUES ('DEPT075', 'Engineering & Maintenance - Wing 4', 'Handles all engineering & maintenance operations across Taj properties, ensuring five-star guest experience.', 'Inactive', '2026-03-06', 'admin');
INSERT INTO dept_info (dept_id, dept_name, dept_desc, status, created_date, created_by) VALUES ('DEPT076', 'Purchase & Procurement - Wing 4', 'Handles all purchase & procurement operations across Taj properties, ensuring five-star guest experience.', 'Active', '2018-09-06', 'supervisor_kavya');
INSERT INTO dept_info (dept_id, dept_name, dept_desc, status, created_date, created_by) VALUES ('DEPT077', 'Laundry Services - Wing 4', 'Handles all laundry services operations across Taj properties, ensuring five-star guest experience.', 'Active', '2019-03-24', 'manager_raj');
INSERT INTO dept_info (dept_id, dept_name, dept_desc, status, created_date, created_by) VALUES ('DEPT078', 'Health Club - Wing 4', 'Handles all health club operations across Taj properties, ensuring five-star guest experience.', 'Active', '2020-02-19', 'ops_karan');
INSERT INTO dept_info (dept_id, dept_name, dept_desc, status, created_date, created_by) VALUES ('DEPT079', 'Business Centre - Wing 4', 'Handles all business centre operations across Taj properties, ensuring five-star guest experience.', 'Inactive', '2019-07-29', 'supervisor_kavya');
INSERT INTO dept_info (dept_id, dept_name, dept_desc, status, created_date, created_by) VALUES ('DEPT080', 'Transport & Fleet - Wing 4', 'Handles all transport & fleet operations across Taj properties, ensuring five-star guest experience.', 'Active', '2021-02-14', 'staff_dev');
INSERT INTO dept_info (dept_id, dept_name, dept_desc, status, created_date, created_by) VALUES ('DEPT081', 'Front Office - Wing 5', 'Handles all front office operations across Taj properties, ensuring five-star guest experience.', 'Active', '2018-11-05', 'staff_dev');
INSERT INTO dept_info (dept_id, dept_name, dept_desc, status, created_date, created_by) VALUES ('DEPT082', 'Housekeeping - Wing 5', 'Handles all housekeeping operations across Taj properties, ensuring five-star guest experience.', 'Active', '2018-07-27', 'ops_karan');
INSERT INTO dept_info (dept_id, dept_name, dept_desc, status, created_date, created_by) VALUES ('DEPT083', 'Food & Beverage - Wing 5', 'Handles all food & beverage operations across Taj properties, ensuring five-star guest experience.', 'Active', '2019-01-18', 'manager_raj');
INSERT INTO dept_info (dept_id, dept_name, dept_desc, status, created_date, created_by) VALUES ('DEPT084', 'Concierge - Wing 5', 'Handles all concierge operations across Taj properties, ensuring five-star guest experience.', 'Active', '2022-07-23', 'staff_dev');
INSERT INTO dept_info (dept_id, dept_name, dept_desc, status, created_date, created_by) VALUES ('DEPT085', 'Spa & Wellness - Wing 5', 'Handles all spa & wellness operations across Taj properties, ensuring five-star guest experience.', 'Inactive', '2020-05-25', 'supervisor_kavya');
INSERT INTO dept_info (dept_id, dept_name, dept_desc, status, created_date, created_by) VALUES ('DEPT086', 'Security - Wing 5', 'Handles all security operations across Taj properties, ensuring five-star guest experience.', 'Active', '2019-11-06', 'supervisor_kavya');
INSERT INTO dept_info (dept_id, dept_name, dept_desc, status, created_date, created_by) VALUES ('DEPT087', 'Human Resources - Wing 5', 'Handles all human resources operations across Taj properties, ensuring five-star guest experience.', 'Active', '2022-05-19', 'hr_neha');
INSERT INTO dept_info (dept_id, dept_name, dept_desc, status, created_date, created_by) VALUES ('DEPT088', 'Finance & Accounts - Wing 5', 'Handles all finance & accounts operations across Taj properties, ensuring five-star guest experience.', 'Inactive', '2021-03-14', 'supervisor_kavya');
INSERT INTO dept_info (dept_id, dept_name, dept_desc, status, created_date, created_by) VALUES ('DEPT089', 'Sales & Marketing - Wing 5', 'Handles all sales & marketing operations across Taj properties, ensuring five-star guest experience.', 'Inactive', '2019-09-27', 'manager_raj');
INSERT INTO dept_info (dept_id, dept_name, dept_desc, status, created_date, created_by) VALUES ('DEPT090', 'Banquet & Events - Wing 5', 'Handles all banquet & events operations across Taj properties, ensuring five-star guest experience.', 'Active', '2020-06-10', 'admin');
INSERT INTO dept_info (dept_id, dept_name, dept_desc, status, created_date, created_by) VALUES ('DEPT091', 'Kitchen & Culinary - Wing 5', 'Handles all kitchen & culinary operations across Taj properties, ensuring five-star guest experience.', 'Active', '2026-05-22', 'concierge_amit');
INSERT INTO dept_info (dept_id, dept_name, dept_desc, status, created_date, created_by) VALUES ('DEPT092', 'Valet Services - Wing 5', 'Handles all valet services operations across Taj properties, ensuring five-star guest experience.', 'Active', '2018-07-25', 'director_meera');
INSERT INTO dept_info (dept_id, dept_name, dept_desc, status, created_date, created_by) VALUES ('DEPT093', 'Guest Relations - Wing 5', 'Handles all guest relations operations across Taj properties, ensuring five-star guest experience.', 'Inactive', '2023-08-22', 'ops_karan');
INSERT INTO dept_info (dept_id, dept_name, dept_desc, status, created_date, created_by) VALUES ('DEPT094', 'IT & Systems - Wing 5', 'Handles all it & systems operations across Taj properties, ensuring five-star guest experience.', 'Active', '2018-08-21', 'ops_karan');
INSERT INTO dept_info (dept_id, dept_name, dept_desc, status, created_date, created_by) VALUES ('DEPT095', 'Engineering & Maintenance - Wing 5', 'Handles all engineering & maintenance operations across Taj properties, ensuring five-star guest experience.', 'Active', '2020-02-01', 'reception1');
INSERT INTO dept_info (dept_id, dept_name, dept_desc, status, created_date, created_by) VALUES ('DEPT096', 'Purchase & Procurement - Wing 5', 'Handles all purchase & procurement operations across Taj properties, ensuring five-star guest experience.', 'Active', '2025-07-28', 'manager_raj');
INSERT INTO dept_info (dept_id, dept_name, dept_desc, status, created_date, created_by) VALUES ('DEPT097', 'Laundry Services - Wing 5', 'Handles all laundry services operations across Taj properties, ensuring five-star guest experience.', 'Inactive', '2019-05-07', 'director_meera');
INSERT INTO dept_info (dept_id, dept_name, dept_desc, status, created_date, created_by) VALUES ('DEPT098', 'Health Club - Wing 5', 'Handles all health club operations across Taj properties, ensuring five-star guest experience.', 'Active', '2024-06-29', 'director_meera');
INSERT INTO dept_info (dept_id, dept_name, dept_desc, status, created_date, created_by) VALUES ('DEPT099', 'Business Centre - Wing 5', 'Handles all business centre operations across Taj properties, ensuring five-star guest experience.', 'Active', '2024-12-11', 'reception1');
INSERT INTO dept_info (dept_id, dept_name, dept_desc, status, created_date, created_by) VALUES ('DEPT100', 'Transport & Fleet - Wing 5', 'Handles all transport & fleet operations across Taj properties, ensuring five-star guest experience.', 'Inactive', '2025-05-16', 'director_meera');

-- ---------------------------------------------------------------------
-- STEP 3.x: INSERT DATA INTO job_info (100 rows)
-- ---------------------------------------------------------------------
INSERT INTO job_info (job_id, job_title, status, created_date, created_by) VALUES ('JOB001', 'General Manager', 'Active', '2020-12-04', 'manager_raj');
INSERT INTO job_info (job_id, job_title, status, created_date, created_by) VALUES ('JOB002', 'Front Office Executive', 'Active', '2020-09-04', 'hr_neha');
INSERT INTO job_info (job_id, job_title, status, created_date, created_by) VALUES ('JOB003', 'Housekeeping Supervisor', 'Inactive', '2019-06-21', 'hr_neha');
INSERT INTO job_info (job_id, job_title, status, created_date, created_by) VALUES ('JOB004', 'Executive Chef', 'Inactive', '2021-07-19', 'reception1');
INSERT INTO job_info (job_id, job_title, status, created_date, created_by) VALUES ('JOB005', 'Sous Chef', 'Active', '2023-02-21', 'director_meera');
INSERT INTO job_info (job_id, job_title, status, created_date, created_by) VALUES ('JOB006', 'Concierge Officer', 'Active', '2018-10-28', 'ops_karan');
INSERT INTO job_info (job_id, job_title, status, created_date, created_by) VALUES ('JOB007', 'Guest Relations Manager', 'Active', '2023-09-04', 'hr_neha');
INSERT INTO job_info (job_id, job_title, status, created_date, created_by) VALUES ('JOB008', 'Spa Therapist', 'Active', '2021-11-30', 'reception1');
INSERT INTO job_info (job_id, job_title, status, created_date, created_by) VALUES ('JOB009', 'Security Officer', 'Active', '2022-02-22', 'hr_neha');
INSERT INTO job_info (job_id, job_title, status, created_date, created_by) VALUES ('JOB010', 'HR Manager', 'Active', '2022-11-30', 'ops_karan');
INSERT INTO job_info (job_id, job_title, status, created_date, created_by) VALUES ('JOB011', 'Finance Executive', 'Active', '2024-11-10', 'ops_karan');
INSERT INTO job_info (job_id, job_title, status, created_date, created_by) VALUES ('JOB012', 'Sales Manager', 'Active', '2025-06-28', 'ops_karan');
INSERT INTO job_info (job_id, job_title, status, created_date, created_by) VALUES ('JOB013', 'Banquet Coordinator', 'Active', '2025-06-10', 'reception1');
INSERT INTO job_info (job_id, job_title, status, created_date, created_by) VALUES ('JOB014', 'Bartender', 'Active', '2020-12-19', 'reception1');
INSERT INTO job_info (job_id, job_title, status, created_date, created_by) VALUES ('JOB015', 'Waiter', 'Active', '2026-04-29', 'ops_karan');
INSERT INTO job_info (job_id, job_title, status, created_date, created_by) VALUES ('JOB016', 'Valet Attendant', 'Active', '2021-01-20', 'hr_neha');
INSERT INTO job_info (job_id, job_title, status, created_date, created_by) VALUES ('JOB017', 'IT Administrator', 'Active', '2026-01-18', 'concierge_amit');
INSERT INTO job_info (job_id, job_title, status, created_date, created_by) VALUES ('JOB018', 'Maintenance Engineer', 'Active', '2025-09-16', 'hr_neha');
INSERT INTO job_info (job_id, job_title, status, created_date, created_by) VALUES ('JOB019', 'Procurement Officer', 'Inactive', '2020-10-25', 'admin');
INSERT INTO job_info (job_id, job_title, status, created_date, created_by) VALUES ('JOB020', 'Laundry Attendant', 'Active', '2025-02-11', 'supervisor_kavya');
INSERT INTO job_info (job_id, job_title, status, created_date, created_by) VALUES ('JOB021', 'Duty Manager', 'Active', '2018-06-30', 'admin');
INSERT INTO job_info (job_id, job_title, status, created_date, created_by) VALUES ('JOB022', 'Reservations Agent', 'Active', '2019-06-20', 'hr_neha');
INSERT INTO job_info (job_id, job_title, status, created_date, created_by) VALUES ('JOB023', 'Night Auditor', 'Active', '2026-04-25', 'staff_dev');
INSERT INTO job_info (job_id, job_title, status, created_date, created_by) VALUES ('JOB024', 'Pastry Chef', 'Inactive', '2024-04-16', 'admin');
INSERT INTO job_info (job_id, job_title, status, created_date, created_by) VALUES ('JOB025', 'Doorman', 'Active', '2018-11-05', 'frontdesk_priya');
INSERT INTO job_info (job_id, job_title, status, created_date, created_by) VALUES ('JOB026', 'Bell Captain', 'Active', '2022-02-21', 'director_meera');
INSERT INTO job_info (job_id, job_title, status, created_date, created_by) VALUES ('JOB027', 'Event Planner', 'Active', '2022-10-27', 'frontdesk_priya');
INSERT INTO job_info (job_id, job_title, status, created_date, created_by) VALUES ('JOB028', 'Fitness Trainer', 'Active', '2021-06-16', 'concierge_amit');
INSERT INTO job_info (job_id, job_title, status, created_date, created_by) VALUES ('JOB029', 'Housekeeping Attendant', 'Active', '2022-01-05', 'manager_raj');
INSERT INTO job_info (job_id, job_title, status, created_date, created_by) VALUES ('JOB030', 'Restaurant Manager', 'Active', '2025-06-24', 'reception1');
INSERT INTO job_info (job_id, job_title, status, created_date, created_by) VALUES ('JOB031', 'General Manager (Grade 2)', 'Active', '2024-04-12', 'supervisor_kavya');
INSERT INTO job_info (job_id, job_title, status, created_date, created_by) VALUES ('JOB032', 'Front Office Executive (Grade 2)', 'Active', '2020-08-27', 'frontdesk_priya');
INSERT INTO job_info (job_id, job_title, status, created_date, created_by) VALUES ('JOB033', 'Housekeeping Supervisor (Grade 2)', 'Active', '2022-08-16', 'admin');
INSERT INTO job_info (job_id, job_title, status, created_date, created_by) VALUES ('JOB034', 'Executive Chef (Grade 2)', 'Active', '2026-04-05', 'concierge_amit');
INSERT INTO job_info (job_id, job_title, status, created_date, created_by) VALUES ('JOB035', 'Sous Chef (Grade 2)', 'Inactive', '2025-07-06', 'manager_raj');
INSERT INTO job_info (job_id, job_title, status, created_date, created_by) VALUES ('JOB036', 'Concierge Officer (Grade 2)', 'Active', '2019-10-15', 'reception1');
INSERT INTO job_info (job_id, job_title, status, created_date, created_by) VALUES ('JOB037', 'Guest Relations Manager (Grade 2)', 'Inactive', '2018-06-08', 'staff_dev');
INSERT INTO job_info (job_id, job_title, status, created_date, created_by) VALUES ('JOB038', 'Spa Therapist (Grade 2)', 'Active', '2020-03-28', 'staff_dev');
INSERT INTO job_info (job_id, job_title, status, created_date, created_by) VALUES ('JOB039', 'Security Officer (Grade 2)', 'Active', '2021-06-04', 'manager_raj');
INSERT INTO job_info (job_id, job_title, status, created_date, created_by) VALUES ('JOB040', 'HR Manager (Grade 2)', 'Active', '2018-04-07', 'manager_raj');
INSERT INTO job_info (job_id, job_title, status, created_date, created_by) VALUES ('JOB041', 'Finance Executive (Grade 2)', 'Inactive', '2021-09-06', 'hr_neha');
INSERT INTO job_info (job_id, job_title, status, created_date, created_by) VALUES ('JOB042', 'Sales Manager (Grade 2)', 'Active', '2021-02-17', 'concierge_amit');
INSERT INTO job_info (job_id, job_title, status, created_date, created_by) VALUES ('JOB043', 'Banquet Coordinator (Grade 2)', 'Inactive', '2025-08-15', 'ops_karan');
INSERT INTO job_info (job_id, job_title, status, created_date, created_by) VALUES ('JOB044', 'Bartender (Grade 2)', 'Active', '2018-04-24', 'reception1');
INSERT INTO job_info (job_id, job_title, status, created_date, created_by) VALUES ('JOB045', 'Waiter (Grade 2)', 'Active', '2020-01-02', 'director_meera');
INSERT INTO job_info (job_id, job_title, status, created_date, created_by) VALUES ('JOB046', 'Valet Attendant (Grade 2)', 'Active', '2018-06-06', 'reception1');
INSERT INTO job_info (job_id, job_title, status, created_date, created_by) VALUES ('JOB047', 'IT Administrator (Grade 2)', 'Inactive', '2021-11-16', 'concierge_amit');
INSERT INTO job_info (job_id, job_title, status, created_date, created_by) VALUES ('JOB048', 'Maintenance Engineer (Grade 2)', 'Inactive', '2024-10-19', 'ops_karan');
INSERT INTO job_info (job_id, job_title, status, created_date, created_by) VALUES ('JOB049', 'Procurement Officer (Grade 2)', 'Active', '2022-04-27', 'director_meera');
INSERT INTO job_info (job_id, job_title, status, created_date, created_by) VALUES ('JOB050', 'Laundry Attendant (Grade 2)', 'Active', '2020-11-09', 'admin');
INSERT INTO job_info (job_id, job_title, status, created_date, created_by) VALUES ('JOB051', 'Duty Manager (Grade 2)', 'Inactive', '2018-01-07', 'ops_karan');
INSERT INTO job_info (job_id, job_title, status, created_date, created_by) VALUES ('JOB052', 'Reservations Agent (Grade 2)', 'Active', '2022-01-31', 'supervisor_kavya');
INSERT INTO job_info (job_id, job_title, status, created_date, created_by) VALUES ('JOB053', 'Night Auditor (Grade 2)', 'Active', '2025-06-13', 'concierge_amit');
INSERT INTO job_info (job_id, job_title, status, created_date, created_by) VALUES ('JOB054', 'Pastry Chef (Grade 2)', 'Active', '2025-06-10', 'reception1');
INSERT INTO job_info (job_id, job_title, status, created_date, created_by) VALUES ('JOB055', 'Doorman (Grade 2)', 'Active', '2023-09-09', 'hr_neha');
INSERT INTO job_info (job_id, job_title, status, created_date, created_by) VALUES ('JOB056', 'Bell Captain (Grade 2)', 'Inactive', '2021-08-29', 'supervisor_kavya');
INSERT INTO job_info (job_id, job_title, status, created_date, created_by) VALUES ('JOB057', 'Event Planner (Grade 2)', 'Active', '2024-03-20', 'frontdesk_priya');
INSERT INTO job_info (job_id, job_title, status, created_date, created_by) VALUES ('JOB058', 'Fitness Trainer (Grade 2)', 'Active', '2022-09-19', 'supervisor_kavya');
INSERT INTO job_info (job_id, job_title, status, created_date, created_by) VALUES ('JOB059', 'Housekeeping Attendant (Grade 2)', 'Active', '2024-11-26', 'director_meera');
INSERT INTO job_info (job_id, job_title, status, created_date, created_by) VALUES ('JOB060', 'Restaurant Manager (Grade 2)', 'Active', '2022-07-22', 'ops_karan');
INSERT INTO job_info (job_id, job_title, status, created_date, created_by) VALUES ('JOB061', 'General Manager (Grade 3)', 'Active', '2021-05-29', 'hr_neha');
INSERT INTO job_info (job_id, job_title, status, created_date, created_by) VALUES ('JOB062', 'Front Office Executive (Grade 3)', 'Active', '2022-10-27', 'director_meera');
INSERT INTO job_info (job_id, job_title, status, created_date, created_by) VALUES ('JOB063', 'Housekeeping Supervisor (Grade 3)', 'Active', '2023-03-20', 'staff_dev');
INSERT INTO job_info (job_id, job_title, status, created_date, created_by) VALUES ('JOB064', 'Executive Chef (Grade 3)', 'Inactive', '2025-07-30', 'manager_raj');
INSERT INTO job_info (job_id, job_title, status, created_date, created_by) VALUES ('JOB065', 'Sous Chef (Grade 3)', 'Inactive', '2026-04-03', 'frontdesk_priya');
INSERT INTO job_info (job_id, job_title, status, created_date, created_by) VALUES ('JOB066', 'Concierge Officer (Grade 3)', 'Active', '2021-03-08', 'ops_karan');
INSERT INTO job_info (job_id, job_title, status, created_date, created_by) VALUES ('JOB067', 'Guest Relations Manager (Grade 3)', 'Active', '2019-01-18', 'manager_raj');
INSERT INTO job_info (job_id, job_title, status, created_date, created_by) VALUES ('JOB068', 'Spa Therapist (Grade 3)', 'Active', '2020-07-09', 'manager_raj');
INSERT INTO job_info (job_id, job_title, status, created_date, created_by) VALUES ('JOB069', 'Security Officer (Grade 3)', 'Active', '2018-04-11', 'admin');
INSERT INTO job_info (job_id, job_title, status, created_date, created_by) VALUES ('JOB070', 'HR Manager (Grade 3)', 'Active', '2023-05-01', 'director_meera');
INSERT INTO job_info (job_id, job_title, status, created_date, created_by) VALUES ('JOB071', 'Finance Executive (Grade 3)', 'Active', '2023-02-09', 'supervisor_kavya');
INSERT INTO job_info (job_id, job_title, status, created_date, created_by) VALUES ('JOB072', 'Sales Manager (Grade 3)', 'Active', '2026-01-21', 'supervisor_kavya');
INSERT INTO job_info (job_id, job_title, status, created_date, created_by) VALUES ('JOB073', 'Banquet Coordinator (Grade 3)', 'Inactive', '2022-06-25', 'manager_raj');
INSERT INTO job_info (job_id, job_title, status, created_date, created_by) VALUES ('JOB074', 'Bartender (Grade 3)', 'Active', '2025-05-11', 'admin');
INSERT INTO job_info (job_id, job_title, status, created_date, created_by) VALUES ('JOB075', 'Waiter (Grade 3)', 'Active', '2022-10-08', 'manager_raj');
INSERT INTO job_info (job_id, job_title, status, created_date, created_by) VALUES ('JOB076', 'Valet Attendant (Grade 3)', 'Active', '2025-10-21', 'ops_karan');
INSERT INTO job_info (job_id, job_title, status, created_date, created_by) VALUES ('JOB077', 'IT Administrator (Grade 3)', 'Inactive', '2018-07-25', 'ops_karan');
INSERT INTO job_info (job_id, job_title, status, created_date, created_by) VALUES ('JOB078', 'Maintenance Engineer (Grade 3)', 'Active', '2019-05-13', 'staff_dev');
INSERT INTO job_info (job_id, job_title, status, created_date, created_by) VALUES ('JOB079', 'Procurement Officer (Grade 3)', 'Active', '2023-03-19', 'ops_karan');
INSERT INTO job_info (job_id, job_title, status, created_date, created_by) VALUES ('JOB080', 'Laundry Attendant (Grade 3)', 'Active', '2026-06-21', 'staff_dev');
INSERT INTO job_info (job_id, job_title, status, created_date, created_by) VALUES ('JOB081', 'Duty Manager (Grade 3)', 'Inactive', '2024-02-23', 'staff_dev');
INSERT INTO job_info (job_id, job_title, status, created_date, created_by) VALUES ('JOB082', 'Reservations Agent (Grade 3)', 'Active', '2026-05-05', 'staff_dev');
INSERT INTO job_info (job_id, job_title, status, created_date, created_by) VALUES ('JOB083', 'Night Auditor (Grade 3)', 'Inactive', '2020-11-27', 'manager_raj');
INSERT INTO job_info (job_id, job_title, status, created_date, created_by) VALUES ('JOB084', 'Pastry Chef (Grade 3)', 'Active', '2023-11-06', 'staff_dev');
INSERT INTO job_info (job_id, job_title, status, created_date, created_by) VALUES ('JOB085', 'Doorman (Grade 3)', 'Active', '2021-01-29', 'staff_dev');
INSERT INTO job_info (job_id, job_title, status, created_date, created_by) VALUES ('JOB086', 'Bell Captain (Grade 3)', 'Active', '2026-01-01', 'hr_neha');
INSERT INTO job_info (job_id, job_title, status, created_date, created_by) VALUES ('JOB087', 'Event Planner (Grade 3)', 'Active', '2021-01-17', 'concierge_amit');
INSERT INTO job_info (job_id, job_title, status, created_date, created_by) VALUES ('JOB088', 'Fitness Trainer (Grade 3)', 'Active', '2024-01-22', 'reception1');
INSERT INTO job_info (job_id, job_title, status, created_date, created_by) VALUES ('JOB089', 'Housekeeping Attendant (Grade 3)', 'Active', '2019-09-10', 'manager_raj');
INSERT INTO job_info (job_id, job_title, status, created_date, created_by) VALUES ('JOB090', 'Restaurant Manager (Grade 3)', 'Inactive', '2025-10-13', 'frontdesk_priya');
INSERT INTO job_info (job_id, job_title, status, created_date, created_by) VALUES ('JOB091', 'General Manager (Grade 4)', 'Active', '2018-09-21', 'supervisor_kavya');
INSERT INTO job_info (job_id, job_title, status, created_date, created_by) VALUES ('JOB092', 'Front Office Executive (Grade 4)', 'Inactive', '2021-09-17', 'ops_karan');
INSERT INTO job_info (job_id, job_title, status, created_date, created_by) VALUES ('JOB093', 'Housekeeping Supervisor (Grade 4)', 'Inactive', '2022-08-31', 'admin');
INSERT INTO job_info (job_id, job_title, status, created_date, created_by) VALUES ('JOB094', 'Executive Chef (Grade 4)', 'Active', '2022-09-17', 'supervisor_kavya');
INSERT INTO job_info (job_id, job_title, status, created_date, created_by) VALUES ('JOB095', 'Sous Chef (Grade 4)', 'Active', '2024-06-16', 'supervisor_kavya');
INSERT INTO job_info (job_id, job_title, status, created_date, created_by) VALUES ('JOB096', 'Concierge Officer (Grade 4)', 'Inactive', '2018-01-25', 'concierge_amit');
INSERT INTO job_info (job_id, job_title, status, created_date, created_by) VALUES ('JOB097', 'Guest Relations Manager (Grade 4)', 'Active', '2026-06-14', 'supervisor_kavya');
INSERT INTO job_info (job_id, job_title, status, created_date, created_by) VALUES ('JOB098', 'Spa Therapist (Grade 4)', 'Inactive', '2024-01-14', 'ops_karan');
INSERT INTO job_info (job_id, job_title, status, created_date, created_by) VALUES ('JOB099', 'Security Officer (Grade 4)', 'Active', '2023-06-23', 'manager_raj');
INSERT INTO job_info (job_id, job_title, status, created_date, created_by) VALUES ('JOB100', 'HR Manager (Grade 4)', 'Active', '2022-11-21', 'staff_dev');

-- ---------------------------------------------------------------------
-- STEP 3.x: INSERT DATA INTO emp_info (100 rows)
-- ---------------------------------------------------------------------
INSERT INTO emp_info (emp_id, emp_name, address, status, nationality, created_date, created_by, gender, dept_id, job_id) VALUES ('EMP001', 'Siddharth Reddy', '742, Lakeview Estate, Hong Kong', 'On Leave', 'French', '2023-12-28', 'admin', 'Female', 'DEPT076', 'JOB073');
INSERT INTO emp_info (emp_id, emp_name, address, status, nationality, created_date, created_by, gender, dept_id, job_id) VALUES ('EMP002', 'Kabir Rao', '473, Lakeview Estate, Kochi, India', 'Active', 'Indian', '2021-09-02', 'manager_raj', 'Female', 'DEPT042', 'JOB044');
INSERT INTO emp_info (emp_id, emp_name, address, status, nationality, created_date, created_by, gender, dept_id, job_id) VALUES ('EMP003', 'Nikhil Ambani', '432, Hilltop Manor, Vienna', 'Active', 'Indian', '2026-05-27', 'ops_karan', 'Male', 'DEPT045', 'JOB029');
INSERT INTO emp_info (emp_id, emp_name, address, status, nationality, created_date, created_by, gender, dept_id, job_id) VALUES ('EMP004', 'Rohan Pillai', '205, Silver Oak Villas, Hyderabad, India', 'Active', 'Indian', '2020-09-04', 'frontdesk_priya', 'Female', 'DEPT086', 'JOB015');
INSERT INTO emp_info (emp_id, emp_name, address, status, nationality, created_date, created_by, gender, dept_id, job_id) VALUES ('EMP005', 'Kiara Poddar', '378, Lakeview Estate, Milan', 'Resigned', 'Indian', '2026-05-22', 'reception1', 'Male', 'DEPT040', 'JOB014');
INSERT INTO emp_info (emp_id, emp_name, address, status, nationality, created_date, created_by, gender, dept_id, job_id) VALUES ('EMP006', 'Zara Mittal', '407, Park Lane, Hong Kong', 'Active', 'Indian', '2025-09-29', 'manager_raj', 'Male', 'DEPT090', 'JOB099');
INSERT INTO emp_info (emp_id, emp_name, address, status, nationality, created_date, created_by, gender, dept_id, job_id) VALUES ('EMP007', 'Simran Iyer', '802, Marine Drive, Chandigarh, India', 'Active', 'Indian', '2025-06-02', 'concierge_amit', 'Male', 'DEPT065', 'JOB083');
INSERT INTO emp_info (emp_id, emp_name, address, status, nationality, created_date, created_by, gender, dept_id, job_id) VALUES ('EMP008', 'Yash Varma', '984, Orchid Avenue, Pune, India', 'On Leave', 'Indian', '2022-11-19', 'frontdesk_priya', 'Female', 'DEPT079', 'JOB069');
INSERT INTO emp_info (emp_id, emp_name, address, status, nationality, created_date, created_by, gender, dept_id, job_id) VALUES ('EMP009', 'Vivaan Goenka', '275, Orchid Avenue, Zurich', 'Active', 'British', '2021-02-16', 'staff_dev', 'Male', 'DEPT097', 'JOB060');
INSERT INTO emp_info (emp_id, emp_name, address, status, nationality, created_date, created_by, gender, dept_id, job_id) VALUES ('EMP010', 'Nikhil Singhania', '333, Lakeview Estate, Kochi, India', 'On Leave', 'Indian', '2020-11-24', 'concierge_amit', 'Female', 'DEPT077', 'JOB090');
INSERT INTO emp_info (emp_id, emp_name, address, status, nationality, created_date, created_by, gender, dept_id, job_id) VALUES ('EMP011', 'Vivienne Whitmore', '88, Royal Gardens, Singapore', 'On Leave', 'Indian', '2020-09-11', 'staff_dev', 'Female', 'DEPT058', 'JOB003');
INSERT INTO emp_info (emp_id, emp_name, address, status, nationality, created_date, created_by, gender, dept_id, job_id) VALUES ('EMP012', 'Myra Jindal', '680, Golden Meadows, Geneva', 'Active', 'Indian', '2023-12-15', 'concierge_amit', 'Female', 'DEPT096', 'JOB071');
INSERT INTO emp_info (emp_id, emp_name, address, status, nationality, created_date, created_by, gender, dept_id, job_id) VALUES ('EMP013', 'Vivaan Ambani', '124, Park Lane, Hyderabad, India', 'Active', 'Indian', '2026-05-01', 'ops_karan', 'Male', 'DEPT025', 'JOB028');
INSERT INTO emp_info (emp_id, emp_name, address, status, nationality, created_date, created_by, gender, dept_id, job_id) VALUES ('EMP014', 'Saanvi Menon', '538, Golden Meadows, Milan', 'Active', 'American', '2021-04-28', 'manager_raj', 'Female', 'DEPT023', 'JOB039');
INSERT INTO emp_info (emp_id, emp_name, address, status, nationality, created_date, created_by, gender, dept_id, job_id) VALUES ('EMP015', 'Meera Kapoor', '567, Hilltop Manor, Mumbai, India', 'Active', 'Indian', '2026-06-11', 'staff_dev', 'Male', 'DEPT002', 'JOB074');
INSERT INTO emp_info (emp_id, emp_name, address, status, nationality, created_date, created_by, gender, dept_id, job_id) VALUES ('EMP016', 'Priya Poddar', '259, Silver Oak Villas, Mumbai, India', 'On Leave', 'Indian', '2018-09-25', 'supervisor_kavya', 'Female', 'DEPT010', 'JOB074');
INSERT INTO emp_info (emp_id, emp_name, address, status, nationality, created_date, created_by, gender, dept_id, job_id) VALUES ('EMP017', 'Aditya Kapoor', '972, Hilltop Manor, Chandigarh, India', 'Active', 'British', '2024-04-04', 'supervisor_kavya', 'Male', 'DEPT100', 'JOB067');
INSERT INTO emp_info (emp_id, emp_name, address, status, nationality, created_date, created_by, gender, dept_id, job_id) VALUES ('EMP018', 'Raghav Birla', '313, Golden Meadows, Hong Kong', 'Resigned', 'Indian', '2026-04-20', 'reception1', 'Male', 'DEPT081', 'JOB028');
INSERT INTO emp_info (emp_id, emp_name, address, status, nationality, created_date, created_by, gender, dept_id, job_id) VALUES ('EMP019', 'Kabir Mehta', '77, Lakeview Estate, Ahmedabad, India', 'Active', 'Indian', '2025-09-24', 'director_meera', 'Female', 'DEPT038', 'JOB005');
INSERT INTO emp_info (emp_id, emp_name, address, status, nationality, created_date, created_by, gender, dept_id, job_id) VALUES ('EMP020', 'Tara Nair', '704, Royal Gardens, New York', 'Active', 'Swiss', '2024-08-12', 'manager_raj', 'Female', 'DEPT015', 'JOB070');
INSERT INTO emp_info (emp_id, emp_name, address, status, nationality, created_date, created_by, gender, dept_id, job_id) VALUES ('EMP021', 'Devansh Chawla', '74, Marine Drive, Bengaluru, India', 'Active', 'French', '2026-05-26', 'director_meera', 'Female', 'DEPT057', 'JOB016');
INSERT INTO emp_info (emp_id, emp_name, address, status, nationality, created_date, created_by, gender, dept_id, job_id) VALUES ('EMP022', 'Zara Nair', '513, Riverside Court, Chennai, India', 'On Leave', 'Indian', '2024-09-15', 'admin', 'Female', 'DEPT095', 'JOB042');
INSERT INTO emp_info (emp_id, emp_name, address, status, nationality, created_date, created_by, gender, dept_id, job_id) VALUES ('EMP023', 'Vikram Chopra', '857, Silver Oak Villas, Lucknow, India', 'Resigned', 'Indian', '2018-03-26', 'hr_neha', 'Male', 'DEPT098', 'JOB097');
INSERT INTO emp_info (emp_id, emp_name, address, status, nationality, created_date, created_by, gender, dept_id, job_id) VALUES ('EMP024', 'Kavya Rao', '186, Golden Meadows, Chennai, India', 'On Leave', 'Indian', '2023-07-08', 'reception1', 'Female', 'DEPT045', 'JOB053');
INSERT INTO emp_info (emp_id, emp_name, address, status, nationality, created_date, created_by, gender, dept_id, job_id) VALUES ('EMP025', 'Ishaan Sethi', '711, Emerald Heights, Pune, India', 'Active', 'Indian', '2022-06-29', 'ops_karan', 'Male', 'DEPT059', 'JOB012');
INSERT INTO emp_info (emp_id, emp_name, address, status, nationality, created_date, created_by, gender, dept_id, job_id) VALUES ('EMP026', 'Rajeev Khanna', '886, Riverside Court, Hong Kong', 'Active', 'Indian', '2024-02-01', 'staff_dev', 'Female', 'DEPT007', 'JOB025');
INSERT INTO emp_info (emp_id, emp_name, address, status, nationality, created_date, created_by, gender, dept_id, job_id) VALUES ('EMP027', 'Aisha Pillai', '779, Marine Drive, Jaipur, India', 'Active', 'Indian', '2019-06-21', 'hr_neha', 'Female', 'DEPT090', 'JOB063');
INSERT INTO emp_info (emp_id, emp_name, address, status, nationality, created_date, created_by, gender, dept_id, job_id) VALUES ('EMP028', 'Simran Iyer', '319, Riverside Court, Bengaluru, India', 'Active', 'Indian', '2019-01-17', 'manager_raj', 'Male', 'DEPT060', 'JOB016');
INSERT INTO emp_info (emp_id, emp_name, address, status, nationality, created_date, created_by, gender, dept_id, job_id) VALUES ('EMP029', 'Devansh Rathi', '522, Park Lane, Geneva', 'Active', 'Indian', '2023-05-31', 'staff_dev', 'Male', 'DEPT059', 'JOB071');
INSERT INTO emp_info (emp_id, emp_name, address, status, nationality, created_date, created_by, gender, dept_id, job_id) VALUES ('EMP030', 'Ishita Chawla', '901, Lakeview Estate, Monaco', 'Active', 'Indian', '2022-08-27', 'concierge_amit', 'Female', 'DEPT001', 'JOB037');
INSERT INTO emp_info (emp_id, emp_name, address, status, nationality, created_date, created_by, gender, dept_id, job_id) VALUES ('EMP031', 'Ritika Mittal', '887, Lakeview Estate, Sydney', 'On Leave', 'Indian', '2021-11-14', 'concierge_amit', 'Female', 'DEPT059', 'JOB042');
INSERT INTO emp_info (emp_id, emp_name, address, status, nationality, created_date, created_by, gender, dept_id, job_id) VALUES ('EMP032', 'Oliver Pemberton', '877, Regency Towers, Singapore', 'On Leave', 'Indian', '2026-05-09', 'staff_dev', 'Female', 'DEPT050', 'JOB085');
INSERT INTO emp_info (emp_id, emp_name, address, status, nationality, created_date, created_by, gender, dept_id, job_id) VALUES ('EMP033', 'Devansh Rathi', '515, Golden Meadows, Dubai', 'Active', 'Singaporean', '2019-02-13', 'ops_karan', 'Female', 'DEPT002', 'JOB093');
INSERT INTO emp_info (emp_id, emp_name, address, status, nationality, created_date, created_by, gender, dept_id, job_id) VALUES ('EMP034', 'Devansh Chopra', '347, Golden Meadows, Chennai, India', 'On Leave', 'Indian', '2021-09-07', 'ops_karan', 'Female', 'DEPT041', 'JOB081');
INSERT INTO emp_info (emp_id, emp_name, address, status, nationality, created_date, created_by, gender, dept_id, job_id) VALUES ('EMP035', 'Neha Sethi', '71, Royal Gardens, Zurich', 'Active', 'Swiss', '2019-01-06', 'supervisor_kavya', 'Male', 'DEPT098', 'JOB082');
INSERT INTO emp_info (emp_id, emp_name, address, status, nationality, created_date, created_by, gender, dept_id, job_id) VALUES ('EMP036', 'Ishaan Poddar', '926, Marine Drive, Chennai, India', 'Active', 'Indian', '2018-08-18', 'hr_neha', 'Female', 'DEPT048', 'JOB056');
INSERT INTO emp_info (emp_id, emp_name, address, status, nationality, created_date, created_by, gender, dept_id, job_id) VALUES ('EMP037', 'Kavya Goenka', '185, Lakeview Estate, Milan', 'Active', 'Indian', '2022-04-16', 'director_meera', 'Male', 'DEPT064', 'JOB075');
INSERT INTO emp_info (emp_id, emp_name, address, status, nationality, created_date, created_by, gender, dept_id, job_id) VALUES ('EMP038', 'Vivaan Rao', '683, Marine Drive, Chennai, India', 'On Leave', 'Swiss', '2024-02-17', 'frontdesk_priya', 'Male', 'DEPT057', 'JOB045');
INSERT INTO emp_info (emp_id, emp_name, address, status, nationality, created_date, created_by, gender, dept_id, job_id) VALUES ('EMP039', 'Maximilian Radcliffe', '257, Emerald Heights, Monaco', 'Active', 'Indian', '2022-04-25', 'staff_dev', 'Male', 'DEPT031', 'JOB049');
INSERT INTO emp_info (emp_id, emp_name, address, status, nationality, created_date, created_by, gender, dept_id, job_id) VALUES ('EMP040', 'Sneha Birla', '23, Silver Oak Villas, Geneva', 'On Leave', 'Indian', '2024-05-07', 'admin', 'Female', 'DEPT037', 'JOB100');
INSERT INTO emp_info (emp_id, emp_name, address, status, nationality, created_date, created_by, gender, dept_id, job_id) VALUES ('EMP041', 'Simran Iyer', '195, Golden Meadows, Lucknow, India', 'Active', 'Indian', '2026-01-31', 'frontdesk_priya', 'Male', 'DEPT081', 'JOB083');
INSERT INTO emp_info (emp_id, emp_name, address, status, nationality, created_date, created_by, gender, dept_id, job_id) VALUES ('EMP042', 'Raghav Bansal', '135, Palm Residency, Monaco', 'Active', 'Indian', '2022-08-29', 'frontdesk_priya', 'Male', 'DEPT017', 'JOB070');
INSERT INTO emp_info (emp_id, emp_name, address, status, nationality, created_date, created_by, gender, dept_id, job_id) VALUES ('EMP043', 'Charlotte Blackwood', '851, Lakeview Estate, Geneva', 'Active', 'Singaporean', '2021-04-23', 'concierge_amit', 'Male', 'DEPT060', 'JOB010');
INSERT INTO emp_info (emp_id, emp_name, address, status, nationality, created_date, created_by, gender, dept_id, job_id) VALUES ('EMP044', 'Myra Sethi', '407, Silver Oak Villas, San Francisco', 'Resigned', 'Indian', '2022-06-05', 'admin', 'Female', 'DEPT069', 'JOB016');
INSERT INTO emp_info (emp_id, emp_name, address, status, nationality, created_date, created_by, gender, dept_id, job_id) VALUES ('EMP045', 'Riya Mittal', '963, Orchid Avenue, Lucknow, India', 'Active', 'Indian', '2023-04-16', 'admin', 'Female', 'DEPT079', 'JOB029');
INSERT INTO emp_info (emp_id, emp_name, address, status, nationality, created_date, created_by, gender, dept_id, job_id) VALUES ('EMP046', 'Vivaan Chawla', '419, Palm Residency, San Francisco', 'Active', 'Indian', '2018-06-02', 'hr_neha', 'Female', 'DEPT015', 'JOB013');
INSERT INTO emp_info (emp_id, emp_name, address, status, nationality, created_date, created_by, gender, dept_id, job_id) VALUES ('EMP047', 'Meera Kapoor', '687, Park Lane, Kolkata, India', 'Resigned', 'Indian', '2026-04-29', 'frontdesk_priya', 'Female', 'DEPT084', 'JOB013');
INSERT INTO emp_info (emp_id, emp_name, address, status, nationality, created_date, created_by, gender, dept_id, job_id) VALUES ('EMP048', 'Josephine Sterling', '34, Park Lane, Geneva', 'Active', 'Indian', '2022-12-27', 'manager_raj', 'Female', 'DEPT013', 'JOB088');
INSERT INTO emp_info (emp_id, emp_name, address, status, nationality, created_date, created_by, gender, dept_id, job_id) VALUES ('EMP049', 'Karan Bansal', '992, Palm Residency, Hyderabad, India', 'On Leave', 'Indian', '2020-05-18', 'director_meera', 'Male', 'DEPT007', 'JOB043');
INSERT INTO emp_info (emp_id, emp_name, address, status, nationality, created_date, created_by, gender, dept_id, job_id) VALUES ('EMP050', 'Veer Iyer', '850, Regency Towers, New York', 'Resigned', 'Indian', '2020-06-03', 'manager_raj', 'Female', 'DEPT100', 'JOB019');
INSERT INTO emp_info (emp_id, emp_name, address, status, nationality, created_date, created_by, gender, dept_id, job_id) VALUES ('EMP051', 'Simran Malhotra', '134, Riverside Court, Bengaluru, India', 'Active', 'British', '2025-05-31', 'admin', 'Male', 'DEPT002', 'JOB046');
INSERT INTO emp_info (emp_id, emp_name, address, status, nationality, created_date, created_by, gender, dept_id, job_id) VALUES ('EMP052', 'Navya Mittal', '272, Marine Drive, Bengaluru, India', 'Active', 'Indian', '2023-11-25', 'reception1', 'Male', 'DEPT061', 'JOB058');
INSERT INTO emp_info (emp_id, emp_name, address, status, nationality, created_date, created_by, gender, dept_id, job_id) VALUES ('EMP053', 'Pooja Mittal', '227, Golden Meadows, Ahmedabad, India', 'Active', 'Indian', '2025-05-22', 'ops_karan', 'Female', 'DEPT059', 'JOB083');
INSERT INTO emp_info (emp_id, emp_name, address, status, nationality, created_date, created_by, gender, dept_id, job_id) VALUES ('EMP054', 'Sebastian Carrington', '703, Palm Residency, Hong Kong', 'On Leave', 'Indian', '2022-12-22', 'reception1', 'Male', 'DEPT042', 'JOB078');
INSERT INTO emp_info (emp_id, emp_name, address, status, nationality, created_date, created_by, gender, dept_id, job_id) VALUES ('EMP055', 'Veer Ambani', '562, Park Lane, Zurich', 'Active', 'Indian', '2024-09-12', 'ops_karan', 'Female', 'DEPT059', 'JOB065');
INSERT INTO emp_info (emp_id, emp_name, address, status, nationality, created_date, created_by, gender, dept_id, job_id) VALUES ('EMP056', 'Ishaan Iyer', '671, Cedar Grove, Vienna', 'Resigned', 'Indian', '2020-05-30', 'supervisor_kavya', 'Female', 'DEPT030', 'JOB053');
INSERT INTO emp_info (emp_id, emp_name, address, status, nationality, created_date, created_by, gender, dept_id, job_id) VALUES ('EMP057', 'Vivaan Jindal', '321, Sunset Boulevard, New Delhi, India', 'Active', 'Indian', '2022-03-14', 'frontdesk_priya', 'Female', 'DEPT009', 'JOB012');
INSERT INTO emp_info (emp_id, emp_name, address, status, nationality, created_date, created_by, gender, dept_id, job_id) VALUES ('EMP058', 'Nicholas Sterling', '382, Regency Towers, Surat, India', 'Active', 'Indian', '2024-07-30', 'ops_karan', 'Female', 'DEPT086', 'JOB016');
INSERT INTO emp_info (emp_id, emp_name, address, status, nationality, created_date, created_by, gender, dept_id, job_id) VALUES ('EMP059', 'Dhruv Sethi', '992, Hilltop Manor, London', 'Resigned', 'Indian', '2019-03-01', 'director_meera', 'Male', 'DEPT020', 'JOB085');
INSERT INTO emp_info (emp_id, emp_name, address, status, nationality, created_date, created_by, gender, dept_id, job_id) VALUES ('EMP060', 'Ishaan Agarwal', '118, Regency Towers, Paris', 'Active', 'Indian', '2022-10-24', 'ops_karan', 'Male', 'DEPT078', 'JOB085');
INSERT INTO emp_info (emp_id, emp_name, address, status, nationality, created_date, created_by, gender, dept_id, job_id) VALUES ('EMP061', 'Frederick Whitmore', '781, Hilltop Manor, Surat, India', 'Active', 'Indian', '2020-01-14', 'frontdesk_priya', 'Female', 'DEPT009', 'JOB019');
INSERT INTO emp_info (emp_id, emp_name, address, status, nationality, created_date, created_by, gender, dept_id, job_id) VALUES ('EMP062', 'Vikram Chopra', '386, Sunset Boulevard, Singapore', 'On Leave', 'Indian', '2022-02-24', 'hr_neha', 'Female', 'DEPT100', 'JOB073');
INSERT INTO emp_info (emp_id, emp_name, address, status, nationality, created_date, created_by, gender, dept_id, job_id) VALUES ('EMP063', 'Aditya Kapoor', '51, Cedar Grove, Chandigarh, India', 'Active', 'Indian', '2025-06-04', 'supervisor_kavya', 'Female', 'DEPT078', 'JOB057');
INSERT INTO emp_info (emp_id, emp_name, address, status, nationality, created_date, created_by, gender, dept_id, job_id) VALUES ('EMP064', 'Kiara Pillai', '441, Palm Residency, Paris', 'Active', 'Indian', '2024-08-26', 'staff_dev', 'Female', 'DEPT006', 'JOB029');
INSERT INTO emp_info (emp_id, emp_name, address, status, nationality, created_date, created_by, gender, dept_id, job_id) VALUES ('EMP065', 'Simran Bansal', '969, Royal Gardens, Chennai, India', 'Active', 'Emirati', '2021-09-05', 'reception1', 'Male', 'DEPT064', 'JOB096');
INSERT INTO emp_info (emp_id, emp_name, address, status, nationality, created_date, created_by, gender, dept_id, job_id) VALUES ('EMP066', 'Veer Jindal', '513, Riverside Court, Singapore', 'Active', 'Indian', '2026-04-28', 'admin', 'Female', 'DEPT003', 'JOB059');
INSERT INTO emp_info (emp_id, emp_name, address, status, nationality, created_date, created_by, gender, dept_id, job_id) VALUES ('EMP067', 'Felix Hastings', '415, Park Lane, Zurich', 'On Leave', 'Indian', '2022-07-18', 'admin', 'Female', 'DEPT022', 'JOB080');
INSERT INTO emp_info (emp_id, emp_name, address, status, nationality, created_date, created_by, gender, dept_id, job_id) VALUES ('EMP068', 'Aman Chopra', '250, Sunset Boulevard, New Delhi, India', 'Resigned', 'Indian', '2018-11-19', 'supervisor_kavya', 'Female', 'DEPT096', 'JOB044');
INSERT INTO emp_info (emp_id, emp_name, address, status, nationality, created_date, created_by, gender, dept_id, job_id) VALUES ('EMP069', 'Ananya Chopra', '544, Riverside Court, New York', 'Active', 'Emirati', '2021-12-09', 'frontdesk_priya', 'Male', 'DEPT014', 'JOB019');
INSERT INTO emp_info (emp_id, emp_name, address, status, nationality, created_date, created_by, gender, dept_id, job_id) VALUES ('EMP070', 'Diya Shah', '672, Palm Residency, Goa, India', 'Active', 'Swiss', '2023-07-17', 'staff_dev', 'Female', 'DEPT088', 'JOB073');
INSERT INTO emp_info (emp_id, emp_name, address, status, nationality, created_date, created_by, gender, dept_id, job_id) VALUES ('EMP071', 'Aisha Singhania', '324, Lakeview Estate, San Francisco', 'On Leave', 'Indian', '2022-12-17', 'hr_neha', 'Female', 'DEPT076', 'JOB008');
INSERT INTO emp_info (emp_id, emp_name, address, status, nationality, created_date, created_by, gender, dept_id, job_id) VALUES ('EMP072', 'Arjun Birla', '59, Orchid Avenue, Mumbai, India', 'Active', 'Indian', '2019-01-05', 'director_meera', 'Female', 'DEPT060', 'JOB075');
INSERT INTO emp_info (emp_id, emp_name, address, status, nationality, created_date, created_by, gender, dept_id, job_id) VALUES ('EMP073', 'Rohan Poddar', '668, Royal Gardens, Zurich', 'Active', 'Indian', '2023-08-16', 'frontdesk_priya', 'Male', 'DEPT058', 'JOB014');
INSERT INTO emp_info (emp_id, emp_name, address, status, nationality, created_date, created_by, gender, dept_id, job_id) VALUES ('EMP074', 'Marcus Hastings', '517, Cedar Grove, New York', 'Active', 'Indian', '2025-12-08', 'staff_dev', 'Female', 'DEPT068', 'JOB067');
INSERT INTO emp_info (emp_id, emp_name, address, status, nationality, created_date, created_by, gender, dept_id, job_id) VALUES ('EMP075', 'Aman Agarwal', '419, Regency Towers, Hong Kong', 'Active', 'Indian', '2018-08-03', 'concierge_amit', 'Male', 'DEPT043', 'JOB013');
INSERT INTO emp_info (emp_id, emp_name, address, status, nationality, created_date, created_by, gender, dept_id, job_id) VALUES ('EMP076', 'Nikhil Birla', '673, Maple Crescent, Kochi, India', 'Resigned', 'Emirati', '2018-11-30', 'director_meera', 'Male', 'DEPT045', 'JOB040');
INSERT INTO emp_info (emp_id, emp_name, address, status, nationality, created_date, created_by, gender, dept_id, job_id) VALUES ('EMP077', 'Oliver Fitzgerald', '726, Palm Residency, Chandigarh, India', 'Active', 'Indian', '2025-03-20', 'concierge_amit', 'Male', 'DEPT086', 'JOB090');
INSERT INTO emp_info (emp_id, emp_name, address, status, nationality, created_date, created_by, gender, dept_id, job_id) VALUES ('EMP078', 'Theodore Fitzgerald', '662, Cedar Grove, New York', 'On Leave', 'Indian', '2018-03-16', 'concierge_amit', 'Female', 'DEPT024', 'JOB028');
INSERT INTO emp_info (emp_id, emp_name, address, status, nationality, created_date, created_by, gender, dept_id, job_id) VALUES ('EMP079', 'Neha Bhatia', '159, Palm Residency, Bengaluru, India', 'Active', 'British', '2023-09-11', 'ops_karan', 'Male', 'DEPT085', 'JOB044');
INSERT INTO emp_info (emp_id, emp_name, address, status, nationality, created_date, created_by, gender, dept_id, job_id) VALUES ('EMP080', 'Josephine Harrington', '167, Lakeview Estate, Dubai', 'Resigned', 'American', '2026-02-01', 'staff_dev', 'Male', 'DEPT053', 'JOB047');
INSERT INTO emp_info (emp_id, emp_name, address, status, nationality, created_date, created_by, gender, dept_id, job_id) VALUES ('EMP081', 'Navya Poddar', '767, Regency Towers, Milan', 'On Leave', 'Indian', '2020-09-06', 'hr_neha', 'Female', 'DEPT025', 'JOB048');
INSERT INTO emp_info (emp_id, emp_name, address, status, nationality, created_date, created_by, gender, dept_id, job_id) VALUES ('EMP082', 'Sneha Poddar', '797, Sunset Boulevard, Chennai, India', 'Resigned', 'Indian', '2019-10-26', 'manager_raj', 'Male', 'DEPT033', 'JOB007');
INSERT INTO emp_info (emp_id, emp_name, address, status, nationality, created_date, created_by, gender, dept_id, job_id) VALUES ('EMP083', 'Aman Wadia', '867, Riverside Court, Monaco', 'Active', 'Indian', '2019-10-19', 'hr_neha', 'Female', 'DEPT066', 'JOB019');
INSERT INTO emp_info (emp_id, emp_name, address, status, nationality, created_date, created_by, gender, dept_id, job_id) VALUES ('EMP084', 'Nicholas Rossellini', '906, Orchid Avenue, Jaipur, India', 'Active', 'Indian', '2022-06-12', 'ops_karan', 'Female', 'DEPT031', 'JOB050');
INSERT INTO emp_info (emp_id, emp_name, address, status, nationality, created_date, created_by, gender, dept_id, job_id) VALUES ('EMP085', 'Charlotte Pemberton', '102, Silver Oak Villas, Indore, India', 'Active', 'American', '2018-06-06', 'hr_neha', 'Female', 'DEPT090', 'JOB018');
INSERT INTO emp_info (emp_id, emp_name, address, status, nationality, created_date, created_by, gender, dept_id, job_id) VALUES ('EMP086', 'Priya Poddar', '82, Marine Drive, Tokyo', 'Active', 'Indian', '2019-09-05', 'ops_karan', 'Female', 'DEPT015', 'JOB100');
INSERT INTO emp_info (emp_id, emp_name, address, status, nationality, created_date, created_by, gender, dept_id, job_id) VALUES ('EMP087', 'Zara Khanna', '655, Regency Towers, Pune, India', 'Resigned', 'Indian', '2019-03-31', 'staff_dev', 'Male', 'DEPT081', 'JOB066');
INSERT INTO emp_info (emp_id, emp_name, address, status, nationality, created_date, created_by, gender, dept_id, job_id) VALUES ('EMP088', 'Devansh Birla', '362, Royal Gardens, Chandigarh, India', 'Resigned', 'Indian', '2025-06-14', 'reception1', 'Female', 'DEPT009', 'JOB068');
INSERT INTO emp_info (emp_id, emp_name, address, status, nationality, created_date, created_by, gender, dept_id, job_id) VALUES ('EMP089', 'Pooja Wadia', '482, Marine Drive, Kochi, India', 'On Leave', 'Emirati', '2026-05-20', 'admin', 'Female', 'DEPT009', 'JOB045');
INSERT INTO emp_info (emp_id, emp_name, address, status, nationality, created_date, created_by, gender, dept_id, job_id) VALUES ('EMP090', 'Ishaan Pillai', '341, Lakeview Estate, Milan', 'Active', 'Indian', '2021-10-18', 'frontdesk_priya', 'Female', 'DEPT090', 'JOB062');
INSERT INTO emp_info (emp_id, emp_name, address, status, nationality, created_date, created_by, gender, dept_id, job_id) VALUES ('EMP091', 'Veer Chopra', '38, Hilltop Manor, Sydney', 'Active', 'Indian', '2020-03-28', 'admin', 'Female', 'DEPT040', 'JOB066');
INSERT INTO emp_info (emp_id, emp_name, address, status, nationality, created_date, created_by, gender, dept_id, job_id) VALUES ('EMP092', 'Meera Rathi', '663, Royal Gardens, Goa, India', 'Active', 'Indian', '2018-07-15', 'concierge_amit', 'Female', 'DEPT016', 'JOB048');
INSERT INTO emp_info (emp_id, emp_name, address, status, nationality, created_date, created_by, gender, dept_id, job_id) VALUES ('EMP093', 'Varun Menon', '348, Lakeview Estate, Pune, India', 'On Leave', 'Indian', '2022-02-13', 'ops_karan', 'Female', 'DEPT011', 'JOB094');
INSERT INTO emp_info (emp_id, emp_name, address, status, nationality, created_date, created_by, gender, dept_id, job_id) VALUES ('EMP094', 'Dhruv Shah', '559, Hilltop Manor, Dubai', 'Active', 'Indian', '2021-09-05', 'hr_neha', 'Female', 'DEPT058', 'JOB078');
INSERT INTO emp_info (emp_id, emp_name, address, status, nationality, created_date, created_by, gender, dept_id, job_id) VALUES ('EMP095', 'Ananya Nair', '44, Park Lane, Jaipur, India', 'Active', 'Indian', '2022-11-17', 'hr_neha', 'Male', 'DEPT010', 'JOB086');
INSERT INTO emp_info (emp_id, emp_name, address, status, nationality, created_date, created_by, gender, dept_id, job_id) VALUES ('EMP096', 'Aman Saraf', '164, Marine Drive, San Francisco', 'Active', 'Swiss', '2022-11-30', 'admin', 'Male', 'DEPT009', 'JOB031');
INSERT INTO emp_info (emp_id, emp_name, address, status, nationality, created_date, created_by, gender, dept_id, job_id) VALUES ('EMP097', 'Aman Agarwal', '34, Golden Meadows, Chandigarh, India', 'Active', 'Indian', '2022-02-28', 'concierge_amit', 'Female', 'DEPT098', 'JOB010');
INSERT INTO emp_info (emp_id, emp_name, address, status, nationality, created_date, created_by, gender, dept_id, job_id) VALUES ('EMP098', 'Kavya Agarwal', '286, Royal Gardens, Lucknow, India', 'Active', 'Indian', '2020-02-02', 'staff_dev', 'Female', 'DEPT072', 'JOB016');
INSERT INTO emp_info (emp_id, emp_name, address, status, nationality, created_date, created_by, gender, dept_id, job_id) VALUES ('EMP099', 'Riya Nair', '293, Park Lane, Chandigarh, India', 'On Leave', 'Indian', '2019-07-10', 'reception1', 'Female', 'DEPT023', 'JOB092');
INSERT INTO emp_info (emp_id, emp_name, address, status, nationality, created_date, created_by, gender, dept_id, job_id) VALUES ('EMP100', 'Kabir Iyer', '328, Cedar Grove, Vienna', 'Active', 'Indian', '2024-03-02', 'ops_karan', 'Female', 'DEPT039', 'JOB021');

-- ---------------------------------------------------------------------
-- STEP 3.x: INSERT DATA INTO hotel (100 rows)
-- ---------------------------------------------------------------------
INSERT INTO hotel (hotel_code, emp_id, location, hotel_name, created_date, created_by) VALUES ('HTL001', 'EMP092', 'Mumbai - Colaba', 'Taj Mahal Palace', '2025-12-16', 'frontdesk_priya');
INSERT INTO hotel (hotel_code, emp_id, location, hotel_name, created_date, created_by) VALUES ('HTL002', 'EMP047', 'New Delhi - Mansingh Road', 'Taj Lands End', '2023-09-15', 'manager_raj');
INSERT INTO hotel (hotel_code, emp_id, location, hotel_name, created_date, created_by) VALUES ('HTL003', 'EMP016', 'Bengaluru - MG Road', 'Taj President', '2020-04-03', 'frontdesk_priya');
INSERT INTO hotel (hotel_code, emp_id, location, hotel_name, created_date, created_by) VALUES ('HTL004', 'EMP031', 'Goa - Aguada', 'Taj Exotica', '2023-07-17', 'admin');
INSERT INTO hotel (hotel_code, emp_id, location, hotel_name, created_date, created_by) VALUES ('HTL005', 'EMP047', 'Jaipur - Bani Park', 'Taj Lake Palace', '2024-03-19', 'director_meera');
INSERT INTO hotel (hotel_code, emp_id, location, hotel_name, created_date, created_by) VALUES ('HTL006', 'EMP048', 'Chennai - Anna Salai', 'Taj Fort Aguada', '2023-03-30', 'ops_karan');
INSERT INTO hotel (hotel_code, emp_id, location, hotel_name, created_date, created_by) VALUES ('HTL007', 'EMP017', 'Kolkata - Alipore', 'Taj Krishna', '2024-11-11', 'reception1');
INSERT INTO hotel (hotel_code, emp_id, location, hotel_name, created_date, created_by) VALUES ('HTL008', 'EMP009', 'Hyderabad - Banjara Hills', 'Taj Coromandel', '2021-06-20', 'supervisor_kavya');
INSERT INTO hotel (hotel_code, emp_id, location, hotel_name, created_date, created_by) VALUES ('HTL009', 'EMP092', 'Udaipur - Lake Pichola', 'Taj Bengal', '2026-01-23', 'staff_dev');
INSERT INTO hotel (hotel_code, emp_id, location, hotel_name, created_date, created_by) VALUES ('HTL010', 'EMP068', 'Kerala - Malabar Coast', 'Taj Falaknuma Palace', '2022-08-10', 'supervisor_kavya');
INSERT INTO hotel (hotel_code, emp_id, location, hotel_name, created_date, created_by) VALUES ('HTL011', 'EMP074', 'Agra - Taj East Gate', 'Taj Ganges', '2018-10-30', 'frontdesk_priya');
INSERT INTO hotel (hotel_code, emp_id, location, hotel_name, created_date, created_by) VALUES ('HTL012', 'EMP041', 'Chandigarh - Sector 17', 'Taj Chandigarh', '2025-03-16', 'reception1');
INSERT INTO hotel (hotel_code, emp_id, location, hotel_name, created_date, created_by) VALUES ('HTL013', 'EMP058', 'Pune - Camp Area', 'Taj Blue Diamond', '2023-03-24', 'ops_karan');
INSERT INTO hotel (hotel_code, emp_id, location, hotel_name, created_date, created_by) VALUES ('HTL014', 'EMP045', 'Ahmedabad - SG Highway', 'Taj Skyline', '2019-06-10', 'ops_karan');
INSERT INTO hotel (hotel_code, emp_id, location, hotel_name, created_date, created_by) VALUES ('HTL015', 'EMP082', 'Amritsar - Ranjit Avenue', 'Taj Swarna', '2024-08-04', 'frontdesk_priya');
INSERT INTO hotel (hotel_code, emp_id, location, hotel_name, created_date, created_by) VALUES ('HTL016', 'EMP099', 'Shimla - Mall Road', 'Taj Gateway', '2019-06-13', 'supervisor_kavya');
INSERT INTO hotel (hotel_code, emp_id, location, hotel_name, created_date, created_by) VALUES ('HTL017', 'EMP065', 'Dubai - Business Bay', 'Taj Vivanta', '2018-08-15', 'reception1');
INSERT INTO hotel (hotel_code, emp_id, location, hotel_name, created_date, created_by) VALUES ('HTL018', 'EMP067', 'London - Knightsbridge', 'Taj Dubai', '2019-09-19', 'hr_neha');
INSERT INTO hotel (hotel_code, emp_id, location, hotel_name, created_date, created_by) VALUES ('HTL019', 'EMP022', 'New York - Fifth Avenue', 'Taj London St James Court', '2019-10-26', 'concierge_amit');
INSERT INTO hotel (hotel_code, emp_id, location, hotel_name, created_date, created_by) VALUES ('HTL020', 'EMP091', 'Maldives - North Male Atoll', 'Taj Exotica Maldives', '2020-07-12', 'concierge_amit');
INSERT INTO hotel (hotel_code, emp_id, location, hotel_name, created_date, created_by) VALUES ('HTL021', 'EMP067', 'Mumbai - Colaba', 'Taj Mahal Palace - Annexe 2', '2021-03-09', 'reception1');
INSERT INTO hotel (hotel_code, emp_id, location, hotel_name, created_date, created_by) VALUES ('HTL022', 'EMP033', 'New Delhi - Mansingh Road', 'Taj Lands End - Annexe 2', '2020-03-15', 'ops_karan');
INSERT INTO hotel (hotel_code, emp_id, location, hotel_name, created_date, created_by) VALUES ('HTL023', 'EMP036', 'Bengaluru - MG Road', 'Taj President - Annexe 2', '2019-05-28', 'hr_neha');
INSERT INTO hotel (hotel_code, emp_id, location, hotel_name, created_date, created_by) VALUES ('HTL024', 'EMP079', 'Goa - Aguada', 'Taj Exotica - Annexe 2', '2023-12-26', 'reception1');
INSERT INTO hotel (hotel_code, emp_id, location, hotel_name, created_date, created_by) VALUES ('HTL025', 'EMP065', 'Jaipur - Bani Park', 'Taj Lake Palace - Annexe 2', '2025-03-10', 'frontdesk_priya');
INSERT INTO hotel (hotel_code, emp_id, location, hotel_name, created_date, created_by) VALUES ('HTL026', 'EMP076', 'Chennai - Anna Salai', 'Taj Fort Aguada - Annexe 2', '2024-07-06', 'frontdesk_priya');
INSERT INTO hotel (hotel_code, emp_id, location, hotel_name, created_date, created_by) VALUES ('HTL027', 'EMP022', 'Kolkata - Alipore', 'Taj Krishna - Annexe 2', '2025-05-22', 'director_meera');
INSERT INTO hotel (hotel_code, emp_id, location, hotel_name, created_date, created_by) VALUES ('HTL028', 'EMP093', 'Hyderabad - Banjara Hills', 'Taj Coromandel - Annexe 2', '2024-10-14', 'concierge_amit');
INSERT INTO hotel (hotel_code, emp_id, location, hotel_name, created_date, created_by) VALUES ('HTL029', 'EMP073', 'Udaipur - Lake Pichola', 'Taj Bengal - Annexe 2', '2018-06-18', 'admin');
INSERT INTO hotel (hotel_code, emp_id, location, hotel_name, created_date, created_by) VALUES ('HTL030', 'EMP011', 'Kerala - Malabar Coast', 'Taj Falaknuma Palace - Annexe 2', '2018-07-06', 'director_meera');
INSERT INTO hotel (hotel_code, emp_id, location, hotel_name, created_date, created_by) VALUES ('HTL031', 'EMP034', 'Agra - Taj East Gate', 'Taj Ganges - Annexe 2', '2025-04-21', 'manager_raj');
INSERT INTO hotel (hotel_code, emp_id, location, hotel_name, created_date, created_by) VALUES ('HTL032', 'EMP099', 'Chandigarh - Sector 17', 'Taj Chandigarh - Annexe 2', '2024-06-01', 'supervisor_kavya');
INSERT INTO hotel (hotel_code, emp_id, location, hotel_name, created_date, created_by) VALUES ('HTL033', 'EMP080', 'Pune - Camp Area', 'Taj Blue Diamond - Annexe 2', '2025-03-02', 'admin');
INSERT INTO hotel (hotel_code, emp_id, location, hotel_name, created_date, created_by) VALUES ('HTL034', 'EMP064', 'Ahmedabad - SG Highway', 'Taj Skyline - Annexe 2', '2025-01-12', 'ops_karan');
INSERT INTO hotel (hotel_code, emp_id, location, hotel_name, created_date, created_by) VALUES ('HTL035', 'EMP038', 'Amritsar - Ranjit Avenue', 'Taj Swarna - Annexe 2', '2025-03-14', 'hr_neha');
INSERT INTO hotel (hotel_code, emp_id, location, hotel_name, created_date, created_by) VALUES ('HTL036', 'EMP062', 'Shimla - Mall Road', 'Taj Gateway - Annexe 2', '2020-09-30', 'supervisor_kavya');
INSERT INTO hotel (hotel_code, emp_id, location, hotel_name, created_date, created_by) VALUES ('HTL037', 'EMP039', 'Dubai - Business Bay', 'Taj Vivanta - Annexe 2', '2023-02-01', 'reception1');
INSERT INTO hotel (hotel_code, emp_id, location, hotel_name, created_date, created_by) VALUES ('HTL038', 'EMP089', 'London - Knightsbridge', 'Taj Dubai - Annexe 2', '2018-09-03', 'frontdesk_priya');
INSERT INTO hotel (hotel_code, emp_id, location, hotel_name, created_date, created_by) VALUES ('HTL039', 'EMP057', 'New York - Fifth Avenue', 'Taj London St James Court - Annexe 2', '2022-08-30', 'staff_dev');
INSERT INTO hotel (hotel_code, emp_id, location, hotel_name, created_date, created_by) VALUES ('HTL040', 'EMP060', 'Maldives - North Male Atoll', 'Taj Exotica Maldives - Annexe 2', '2020-04-15', 'concierge_amit');
INSERT INTO hotel (hotel_code, emp_id, location, hotel_name, created_date, created_by) VALUES ('HTL041', 'EMP078', 'Mumbai - Colaba', 'Taj Mahal Palace - Annexe 3', '2019-08-12', 'concierge_amit');
INSERT INTO hotel (hotel_code, emp_id, location, hotel_name, created_date, created_by) VALUES ('HTL042', 'EMP092', 'New Delhi - Mansingh Road', 'Taj Lands End - Annexe 3', '2021-07-31', 'concierge_amit');
INSERT INTO hotel (hotel_code, emp_id, location, hotel_name, created_date, created_by) VALUES ('HTL043', 'EMP052', 'Bengaluru - MG Road', 'Taj President - Annexe 3', '2019-06-20', 'concierge_amit');
INSERT INTO hotel (hotel_code, emp_id, location, hotel_name, created_date, created_by) VALUES ('HTL044', 'EMP066', 'Goa - Aguada', 'Taj Exotica - Annexe 3', '2024-04-19', 'reception1');
INSERT INTO hotel (hotel_code, emp_id, location, hotel_name, created_date, created_by) VALUES ('HTL045', 'EMP041', 'Jaipur - Bani Park', 'Taj Lake Palace - Annexe 3', '2020-09-17', 'staff_dev');
INSERT INTO hotel (hotel_code, emp_id, location, hotel_name, created_date, created_by) VALUES ('HTL046', 'EMP016', 'Chennai - Anna Salai', 'Taj Fort Aguada - Annexe 3', '2020-12-31', 'staff_dev');
INSERT INTO hotel (hotel_code, emp_id, location, hotel_name, created_date, created_by) VALUES ('HTL047', 'EMP032', 'Kolkata - Alipore', 'Taj Krishna - Annexe 3', '2019-08-01', 'reception1');
INSERT INTO hotel (hotel_code, emp_id, location, hotel_name, created_date, created_by) VALUES ('HTL048', 'EMP007', 'Hyderabad - Banjara Hills', 'Taj Coromandel - Annexe 3', '2021-04-03', 'supervisor_kavya');
INSERT INTO hotel (hotel_code, emp_id, location, hotel_name, created_date, created_by) VALUES ('HTL049', 'EMP079', 'Udaipur - Lake Pichola', 'Taj Bengal - Annexe 3', '2022-09-09', 'manager_raj');
INSERT INTO hotel (hotel_code, emp_id, location, hotel_name, created_date, created_by) VALUES ('HTL050', 'EMP021', 'Kerala - Malabar Coast', 'Taj Falaknuma Palace - Annexe 3', '2021-09-03', 'director_meera');
INSERT INTO hotel (hotel_code, emp_id, location, hotel_name, created_date, created_by) VALUES ('HTL051', 'EMP093', 'Agra - Taj East Gate', 'Taj Ganges - Annexe 3', '2021-07-04', 'manager_raj');
INSERT INTO hotel (hotel_code, emp_id, location, hotel_name, created_date, created_by) VALUES ('HTL052', 'EMP098', 'Chandigarh - Sector 17', 'Taj Chandigarh - Annexe 3', '2019-10-15', 'staff_dev');
INSERT INTO hotel (hotel_code, emp_id, location, hotel_name, created_date, created_by) VALUES ('HTL053', 'EMP066', 'Pune - Camp Area', 'Taj Blue Diamond - Annexe 3', '2023-03-28', 'staff_dev');
INSERT INTO hotel (hotel_code, emp_id, location, hotel_name, created_date, created_by) VALUES ('HTL054', 'EMP040', 'Ahmedabad - SG Highway', 'Taj Skyline - Annexe 3', '2023-07-31', 'admin');
INSERT INTO hotel (hotel_code, emp_id, location, hotel_name, created_date, created_by) VALUES ('HTL055', 'EMP012', 'Amritsar - Ranjit Avenue', 'Taj Swarna - Annexe 3', '2022-05-30', 'ops_karan');
INSERT INTO hotel (hotel_code, emp_id, location, hotel_name, created_date, created_by) VALUES ('HTL056', 'EMP059', 'Shimla - Mall Road', 'Taj Gateway - Annexe 3', '2020-09-13', 'manager_raj');
INSERT INTO hotel (hotel_code, emp_id, location, hotel_name, created_date, created_by) VALUES ('HTL057', 'EMP075', 'Dubai - Business Bay', 'Taj Vivanta - Annexe 3', '2021-12-16', 'admin');
INSERT INTO hotel (hotel_code, emp_id, location, hotel_name, created_date, created_by) VALUES ('HTL058', 'EMP007', 'London - Knightsbridge', 'Taj Dubai - Annexe 3', '2021-02-26', 'staff_dev');
INSERT INTO hotel (hotel_code, emp_id, location, hotel_name, created_date, created_by) VALUES ('HTL059', 'EMP077', 'New York - Fifth Avenue', 'Taj London St James Court - Annexe 3', '2025-05-03', 'staff_dev');
INSERT INTO hotel (hotel_code, emp_id, location, hotel_name, created_date, created_by) VALUES ('HTL060', 'EMP037', 'Maldives - North Male Atoll', 'Taj Exotica Maldives - Annexe 3', '2024-01-08', 'admin');
INSERT INTO hotel (hotel_code, emp_id, location, hotel_name, created_date, created_by) VALUES ('HTL061', 'EMP014', 'Mumbai - Colaba', 'Taj Mahal Palace - Annexe 4', '2022-11-01', 'frontdesk_priya');
INSERT INTO hotel (hotel_code, emp_id, location, hotel_name, created_date, created_by) VALUES ('HTL062', 'EMP034', 'New Delhi - Mansingh Road', 'Taj Lands End - Annexe 4', '2026-02-27', 'concierge_amit');
INSERT INTO hotel (hotel_code, emp_id, location, hotel_name, created_date, created_by) VALUES ('HTL063', 'EMP098', 'Bengaluru - MG Road', 'Taj President - Annexe 4', '2022-07-10', 'concierge_amit');
INSERT INTO hotel (hotel_code, emp_id, location, hotel_name, created_date, created_by) VALUES ('HTL064', 'EMP006', 'Goa - Aguada', 'Taj Exotica - Annexe 4', '2022-06-29', 'admin');
INSERT INTO hotel (hotel_code, emp_id, location, hotel_name, created_date, created_by) VALUES ('HTL065', 'EMP073', 'Jaipur - Bani Park', 'Taj Lake Palace - Annexe 4', '2024-04-20', 'manager_raj');
INSERT INTO hotel (hotel_code, emp_id, location, hotel_name, created_date, created_by) VALUES ('HTL066', 'EMP047', 'Chennai - Anna Salai', 'Taj Fort Aguada - Annexe 4', '2024-03-16', 'hr_neha');
INSERT INTO hotel (hotel_code, emp_id, location, hotel_name, created_date, created_by) VALUES ('HTL067', 'EMP010', 'Kolkata - Alipore', 'Taj Krishna - Annexe 4', '2022-05-02', 'ops_karan');
INSERT INTO hotel (hotel_code, emp_id, location, hotel_name, created_date, created_by) VALUES ('HTL068', 'EMP058', 'Hyderabad - Banjara Hills', 'Taj Coromandel - Annexe 4', '2024-03-02', 'hr_neha');
INSERT INTO hotel (hotel_code, emp_id, location, hotel_name, created_date, created_by) VALUES ('HTL069', 'EMP080', 'Udaipur - Lake Pichola', 'Taj Bengal - Annexe 4', '2025-08-18', 'director_meera');
INSERT INTO hotel (hotel_code, emp_id, location, hotel_name, created_date, created_by) VALUES ('HTL070', 'EMP016', 'Kerala - Malabar Coast', 'Taj Falaknuma Palace - Annexe 4', '2019-06-12', 'reception1');
INSERT INTO hotel (hotel_code, emp_id, location, hotel_name, created_date, created_by) VALUES ('HTL071', 'EMP051', 'Agra - Taj East Gate', 'Taj Ganges - Annexe 4', '2022-03-09', 'concierge_amit');
INSERT INTO hotel (hotel_code, emp_id, location, hotel_name, created_date, created_by) VALUES ('HTL072', 'EMP072', 'Chandigarh - Sector 17', 'Taj Chandigarh - Annexe 4', '2022-02-06', 'frontdesk_priya');
INSERT INTO hotel (hotel_code, emp_id, location, hotel_name, created_date, created_by) VALUES ('HTL073', 'EMP026', 'Pune - Camp Area', 'Taj Blue Diamond - Annexe 4', '2024-10-03', 'ops_karan');
INSERT INTO hotel (hotel_code, emp_id, location, hotel_name, created_date, created_by) VALUES ('HTL074', 'EMP052', 'Ahmedabad - SG Highway', 'Taj Skyline - Annexe 4', '2023-08-11', 'admin');
INSERT INTO hotel (hotel_code, emp_id, location, hotel_name, created_date, created_by) VALUES ('HTL075', 'EMP006', 'Amritsar - Ranjit Avenue', 'Taj Swarna - Annexe 4', '2018-06-09', 'frontdesk_priya');
INSERT INTO hotel (hotel_code, emp_id, location, hotel_name, created_date, created_by) VALUES ('HTL076', 'EMP092', 'Shimla - Mall Road', 'Taj Gateway - Annexe 4', '2021-09-26', 'staff_dev');
INSERT INTO hotel (hotel_code, emp_id, location, hotel_name, created_date, created_by) VALUES ('HTL077', 'EMP067', 'Dubai - Business Bay', 'Taj Vivanta - Annexe 4', '2023-02-15', 'frontdesk_priya');
INSERT INTO hotel (hotel_code, emp_id, location, hotel_name, created_date, created_by) VALUES ('HTL078', 'EMP078', 'London - Knightsbridge', 'Taj Dubai - Annexe 4', '2023-10-13', 'frontdesk_priya');
INSERT INTO hotel (hotel_code, emp_id, location, hotel_name, created_date, created_by) VALUES ('HTL079', 'EMP042', 'New York - Fifth Avenue', 'Taj London St James Court - Annexe 4', '2024-11-16', 'concierge_amit');
INSERT INTO hotel (hotel_code, emp_id, location, hotel_name, created_date, created_by) VALUES ('HTL080', 'EMP021', 'Maldives - North Male Atoll', 'Taj Exotica Maldives - Annexe 4', '2022-05-29', 'director_meera');
INSERT INTO hotel (hotel_code, emp_id, location, hotel_name, created_date, created_by) VALUES ('HTL081', 'EMP095', 'Mumbai - Colaba', 'Taj Mahal Palace - Annexe 5', '2021-05-10', 'director_meera');
INSERT INTO hotel (hotel_code, emp_id, location, hotel_name, created_date, created_by) VALUES ('HTL082', 'EMP044', 'New Delhi - Mansingh Road', 'Taj Lands End - Annexe 5', '2023-09-09', 'ops_karan');
INSERT INTO hotel (hotel_code, emp_id, location, hotel_name, created_date, created_by) VALUES ('HTL083', 'EMP069', 'Bengaluru - MG Road', 'Taj President - Annexe 5', '2023-06-30', 'director_meera');
INSERT INTO hotel (hotel_code, emp_id, location, hotel_name, created_date, created_by) VALUES ('HTL084', 'EMP039', 'Goa - Aguada', 'Taj Exotica - Annexe 5', '2023-04-30', 'admin');
INSERT INTO hotel (hotel_code, emp_id, location, hotel_name, created_date, created_by) VALUES ('HTL085', 'EMP048', 'Jaipur - Bani Park', 'Taj Lake Palace - Annexe 5', '2021-09-18', 'reception1');
INSERT INTO hotel (hotel_code, emp_id, location, hotel_name, created_date, created_by) VALUES ('HTL086', 'EMP054', 'Chennai - Anna Salai', 'Taj Fort Aguada - Annexe 5', '2024-07-18', 'hr_neha');
INSERT INTO hotel (hotel_code, emp_id, location, hotel_name, created_date, created_by) VALUES ('HTL087', 'EMP093', 'Kolkata - Alipore', 'Taj Krishna - Annexe 5', '2025-09-19', 'admin');
INSERT INTO hotel (hotel_code, emp_id, location, hotel_name, created_date, created_by) VALUES ('HTL088', 'EMP077', 'Hyderabad - Banjara Hills', 'Taj Coromandel - Annexe 5', '2023-04-28', 'hr_neha');
INSERT INTO hotel (hotel_code, emp_id, location, hotel_name, created_date, created_by) VALUES ('HTL089', 'EMP084', 'Udaipur - Lake Pichola', 'Taj Bengal - Annexe 5', '2024-06-27', 'director_meera');
INSERT INTO hotel (hotel_code, emp_id, location, hotel_name, created_date, created_by) VALUES ('HTL090', 'EMP030', 'Kerala - Malabar Coast', 'Taj Falaknuma Palace - Annexe 5', '2026-02-02', 'admin');
INSERT INTO hotel (hotel_code, emp_id, location, hotel_name, created_date, created_by) VALUES ('HTL091', 'EMP075', 'Agra - Taj East Gate', 'Taj Ganges - Annexe 5', '2023-05-22', 'frontdesk_priya');
INSERT INTO hotel (hotel_code, emp_id, location, hotel_name, created_date, created_by) VALUES ('HTL092', 'EMP068', 'Chandigarh - Sector 17', 'Taj Chandigarh - Annexe 5', '2025-01-20', 'director_meera');
INSERT INTO hotel (hotel_code, emp_id, location, hotel_name, created_date, created_by) VALUES ('HTL093', 'EMP100', 'Pune - Camp Area', 'Taj Blue Diamond - Annexe 5', '2022-04-07', 'frontdesk_priya');
INSERT INTO hotel (hotel_code, emp_id, location, hotel_name, created_date, created_by) VALUES ('HTL094', 'EMP088', 'Ahmedabad - SG Highway', 'Taj Skyline - Annexe 5', '2020-09-19', 'admin');
INSERT INTO hotel (hotel_code, emp_id, location, hotel_name, created_date, created_by) VALUES ('HTL095', 'EMP074', 'Amritsar - Ranjit Avenue', 'Taj Swarna - Annexe 5', '2025-11-09', 'reception1');
INSERT INTO hotel (hotel_code, emp_id, location, hotel_name, created_date, created_by) VALUES ('HTL096', 'EMP025', 'Shimla - Mall Road', 'Taj Gateway - Annexe 5', '2018-03-19', 'staff_dev');
INSERT INTO hotel (hotel_code, emp_id, location, hotel_name, created_date, created_by) VALUES ('HTL097', 'EMP041', 'Dubai - Business Bay', 'Taj Vivanta - Annexe 5', '2022-09-12', 'frontdesk_priya');
INSERT INTO hotel (hotel_code, emp_id, location, hotel_name, created_date, created_by) VALUES ('HTL098', 'EMP053', 'London - Knightsbridge', 'Taj Dubai - Annexe 5', '2025-09-29', 'manager_raj');
INSERT INTO hotel (hotel_code, emp_id, location, hotel_name, created_date, created_by) VALUES ('HTL099', 'EMP053', 'New York - Fifth Avenue', 'Taj London St James Court - Annexe 5', '2023-08-18', 'director_meera');
INSERT INTO hotel (hotel_code, emp_id, location, hotel_name, created_date, created_by) VALUES ('HTL100', 'EMP061', 'Maldives - North Male Atoll', 'Taj Exotica Maldives - Annexe 5', '2026-04-02', 'admin');

-- ---------------------------------------------------------------------
-- STEP 3.x: INSERT DATA INTO room_type (100 rows)
-- ---------------------------------------------------------------------
INSERT INTO room_type (room_type_id, no_of_bed, type_name, status, created_date, created_by) VALUES ('RT001', '4', 'Luxury Grand Room', 'Active', '2023-10-26', 'manager_raj');
INSERT INTO room_type (room_type_id, no_of_bed, type_name, status, created_date, created_by) VALUES ('RT002', '3', 'Deluxe Room', 'Active', '2025-06-05', 'staff_dev');
INSERT INTO room_type (room_type_id, no_of_bed, type_name, status, created_date, created_by) VALUES ('RT003', '3', 'Premier Room', 'Inactive', '2021-07-09', 'frontdesk_priya');
INSERT INTO room_type (room_type_id, no_of_bed, type_name, status, created_date, created_by) VALUES ('RT004', '2', 'Executive Suite', 'Active', '2024-02-16', 'concierge_amit');
INSERT INTO room_type (room_type_id, no_of_bed, type_name, status, created_date, created_by) VALUES ('RT005', '4', 'Presidential Suite', 'Active', '2024-11-03', 'staff_dev');
INSERT INTO room_type (room_type_id, no_of_bed, type_name, status, created_date, created_by) VALUES ('RT006', '1', 'Heritage Room', 'Active', '2021-02-16', 'ops_karan');
INSERT INTO room_type (room_type_id, no_of_bed, type_name, status, created_date, created_by) VALUES ('RT007', '2', 'Royal Suite', 'Active', '2021-05-04', 'hr_neha');
INSERT INTO room_type (room_type_id, no_of_bed, type_name, status, created_date, created_by) VALUES ('RT008', '4', 'Club Room', 'Active', '2025-09-28', 'staff_dev');
INSERT INTO room_type (room_type_id, no_of_bed, type_name, status, created_date, created_by) VALUES ('RT009', '2', 'Garden View Room', 'Inactive', '2021-11-29', 'ops_karan');
INSERT INTO room_type (room_type_id, no_of_bed, type_name, status, created_date, created_by) VALUES ('RT010', '4', 'Sea View Room', 'Active', '2021-03-24', 'reception1');
INSERT INTO room_type (room_type_id, no_of_bed, type_name, status, created_date, created_by) VALUES ('RT011', '3', 'Pool Villa', 'Inactive', '2022-06-05', 'concierge_amit');
INSERT INTO room_type (room_type_id, no_of_bed, type_name, status, created_date, created_by) VALUES ('RT012', '1', 'Palace Suite', 'Active', '2018-06-22', 'hr_neha');
INSERT INTO room_type (room_type_id, no_of_bed, type_name, status, created_date, created_by) VALUES ('RT013', '4', 'Penthouse Suite', 'Active', '2021-11-19', 'staff_dev');
INSERT INTO room_type (room_type_id, no_of_bed, type_name, status, created_date, created_by) VALUES ('RT014', '4', 'Family Suite', 'Active', '2026-05-20', 'staff_dev');
INSERT INTO room_type (room_type_id, no_of_bed, type_name, status, created_date, created_by) VALUES ('RT015', '1', 'Junior Suite', 'Active', '2024-01-16', 'hr_neha');
INSERT INTO room_type (room_type_id, no_of_bed, type_name, status, created_date, created_by) VALUES ('RT016', '3', 'Luxury Grand Room - Category 2', 'Active', '2019-07-17', 'reception1');
INSERT INTO room_type (room_type_id, no_of_bed, type_name, status, created_date, created_by) VALUES ('RT017', '3', 'Deluxe Room - Category 2', 'Active', '2020-09-20', 'admin');
INSERT INTO room_type (room_type_id, no_of_bed, type_name, status, created_date, created_by) VALUES ('RT018', '4', 'Premier Room - Category 2', 'Active', '2025-02-26', 'manager_raj');
INSERT INTO room_type (room_type_id, no_of_bed, type_name, status, created_date, created_by) VALUES ('RT019', '1', 'Executive Suite - Category 2', 'Active', '2022-08-20', 'concierge_amit');
INSERT INTO room_type (room_type_id, no_of_bed, type_name, status, created_date, created_by) VALUES ('RT020', '4', 'Presidential Suite - Category 2', 'Inactive', '2019-02-16', 'frontdesk_priya');
INSERT INTO room_type (room_type_id, no_of_bed, type_name, status, created_date, created_by) VALUES ('RT021', '1', 'Heritage Room - Category 2', 'Active', '2022-07-25', 'staff_dev');
INSERT INTO room_type (room_type_id, no_of_bed, type_name, status, created_date, created_by) VALUES ('RT022', '2', 'Royal Suite - Category 2', 'Active', '2026-06-24', 'hr_neha');
INSERT INTO room_type (room_type_id, no_of_bed, type_name, status, created_date, created_by) VALUES ('RT023', '2', 'Club Room - Category 2', 'Active', '2025-03-30', 'admin');
INSERT INTO room_type (room_type_id, no_of_bed, type_name, status, created_date, created_by) VALUES ('RT024', '1', 'Garden View Room - Category 2', 'Active', '2024-01-01', 'admin');
INSERT INTO room_type (room_type_id, no_of_bed, type_name, status, created_date, created_by) VALUES ('RT025', '1', 'Sea View Room - Category 2', 'Inactive', '2019-12-22', 'admin');
INSERT INTO room_type (room_type_id, no_of_bed, type_name, status, created_date, created_by) VALUES ('RT026', '2', 'Pool Villa - Category 2', 'Inactive', '2020-02-03', 'hr_neha');
INSERT INTO room_type (room_type_id, no_of_bed, type_name, status, created_date, created_by) VALUES ('RT027', '1', 'Palace Suite - Category 2', 'Active', '2021-05-07', 'director_meera');
INSERT INTO room_type (room_type_id, no_of_bed, type_name, status, created_date, created_by) VALUES ('RT028', '3', 'Penthouse Suite - Category 2', 'Active', '2021-10-04', 'hr_neha');
INSERT INTO room_type (room_type_id, no_of_bed, type_name, status, created_date, created_by) VALUES ('RT029', '2', 'Family Suite - Category 2', 'Inactive', '2019-07-04', 'ops_karan');
INSERT INTO room_type (room_type_id, no_of_bed, type_name, status, created_date, created_by) VALUES ('RT030', '2', 'Junior Suite - Category 2', 'Active', '2020-02-29', 'reception1');
INSERT INTO room_type (room_type_id, no_of_bed, type_name, status, created_date, created_by) VALUES ('RT031', '2', 'Luxury Grand Room - Category 3', 'Active', '2026-03-14', 'staff_dev');
INSERT INTO room_type (room_type_id, no_of_bed, type_name, status, created_date, created_by) VALUES ('RT032', '4', 'Deluxe Room - Category 3', 'Active', '2026-01-22', 'frontdesk_priya');
INSERT INTO room_type (room_type_id, no_of_bed, type_name, status, created_date, created_by) VALUES ('RT033', '1', 'Premier Room - Category 3', 'Active', '2021-04-23', 'director_meera');
INSERT INTO room_type (room_type_id, no_of_bed, type_name, status, created_date, created_by) VALUES ('RT034', '4', 'Executive Suite - Category 3', 'Active', '2019-12-20', 'director_meera');
INSERT INTO room_type (room_type_id, no_of_bed, type_name, status, created_date, created_by) VALUES ('RT035', '4', 'Presidential Suite - Category 3', 'Inactive', '2022-10-18', 'ops_karan');
INSERT INTO room_type (room_type_id, no_of_bed, type_name, status, created_date, created_by) VALUES ('RT036', '2', 'Heritage Room - Category 3', 'Active', '2022-06-30', 'reception1');
INSERT INTO room_type (room_type_id, no_of_bed, type_name, status, created_date, created_by) VALUES ('RT037', '1', 'Royal Suite - Category 3', 'Active', '2023-05-10', 'concierge_amit');
INSERT INTO room_type (room_type_id, no_of_bed, type_name, status, created_date, created_by) VALUES ('RT038', '1', 'Club Room - Category 3', 'Active', '2020-12-04', 'supervisor_kavya');
INSERT INTO room_type (room_type_id, no_of_bed, type_name, status, created_date, created_by) VALUES ('RT039', '1', 'Garden View Room - Category 3', 'Inactive', '2026-06-15', 'hr_neha');
INSERT INTO room_type (room_type_id, no_of_bed, type_name, status, created_date, created_by) VALUES ('RT040', '2', 'Sea View Room - Category 3', 'Active', '2024-07-13', 'director_meera');
INSERT INTO room_type (room_type_id, no_of_bed, type_name, status, created_date, created_by) VALUES ('RT041', '1', 'Pool Villa - Category 3', 'Active', '2025-05-01', 'concierge_amit');
INSERT INTO room_type (room_type_id, no_of_bed, type_name, status, created_date, created_by) VALUES ('RT042', '4', 'Palace Suite - Category 3', 'Active', '2018-09-12', 'reception1');
INSERT INTO room_type (room_type_id, no_of_bed, type_name, status, created_date, created_by) VALUES ('RT043', '2', 'Penthouse Suite - Category 3', 'Active', '2019-10-17', 'supervisor_kavya');
INSERT INTO room_type (room_type_id, no_of_bed, type_name, status, created_date, created_by) VALUES ('RT044', '4', 'Family Suite - Category 3', 'Active', '2025-09-28', 'reception1');
INSERT INTO room_type (room_type_id, no_of_bed, type_name, status, created_date, created_by) VALUES ('RT045', '4', 'Junior Suite - Category 3', 'Active', '2022-02-14', 'director_meera');
INSERT INTO room_type (room_type_id, no_of_bed, type_name, status, created_date, created_by) VALUES ('RT046', '1', 'Luxury Grand Room - Category 4', 'Active', '2019-07-02', 'staff_dev');
INSERT INTO room_type (room_type_id, no_of_bed, type_name, status, created_date, created_by) VALUES ('RT047', '1', 'Deluxe Room - Category 4', 'Inactive', '2026-05-21', 'director_meera');
INSERT INTO room_type (room_type_id, no_of_bed, type_name, status, created_date, created_by) VALUES ('RT048', '2', 'Premier Room - Category 4', 'Inactive', '2025-11-15', 'ops_karan');
INSERT INTO room_type (room_type_id, no_of_bed, type_name, status, created_date, created_by) VALUES ('RT049', '2', 'Executive Suite - Category 4', 'Active', '2020-10-10', 'director_meera');
INSERT INTO room_type (room_type_id, no_of_bed, type_name, status, created_date, created_by) VALUES ('RT050', '1', 'Presidential Suite - Category 4', 'Inactive', '2023-12-04', 'concierge_amit');
INSERT INTO room_type (room_type_id, no_of_bed, type_name, status, created_date, created_by) VALUES ('RT051', '1', 'Heritage Room - Category 4', 'Active', '2018-09-10', 'ops_karan');
INSERT INTO room_type (room_type_id, no_of_bed, type_name, status, created_date, created_by) VALUES ('RT052', '3', 'Royal Suite - Category 4', 'Active', '2024-06-03', 'ops_karan');
INSERT INTO room_type (room_type_id, no_of_bed, type_name, status, created_date, created_by) VALUES ('RT053', '1', 'Club Room - Category 4', 'Active', '2021-09-05', 'ops_karan');
INSERT INTO room_type (room_type_id, no_of_bed, type_name, status, created_date, created_by) VALUES ('RT054', '2', 'Garden View Room - Category 4', 'Active', '2025-08-18', 'manager_raj');
INSERT INTO room_type (room_type_id, no_of_bed, type_name, status, created_date, created_by) VALUES ('RT055', '4', 'Sea View Room - Category 4', 'Inactive', '2019-01-08', 'ops_karan');
INSERT INTO room_type (room_type_id, no_of_bed, type_name, status, created_date, created_by) VALUES ('RT056', '2', 'Pool Villa - Category 4', 'Active', '2023-02-01', 'frontdesk_priya');
INSERT INTO room_type (room_type_id, no_of_bed, type_name, status, created_date, created_by) VALUES ('RT057', '3', 'Palace Suite - Category 4', 'Inactive', '2023-02-15', 'director_meera');
INSERT INTO room_type (room_type_id, no_of_bed, type_name, status, created_date, created_by) VALUES ('RT058', '1', 'Penthouse Suite - Category 4', 'Inactive', '2025-07-18', 'hr_neha');
INSERT INTO room_type (room_type_id, no_of_bed, type_name, status, created_date, created_by) VALUES ('RT059', '4', 'Family Suite - Category 4', 'Active', '2022-06-10', 'hr_neha');
INSERT INTO room_type (room_type_id, no_of_bed, type_name, status, created_date, created_by) VALUES ('RT060', '1', 'Junior Suite - Category 4', 'Active', '2024-06-26', 'reception1');
INSERT INTO room_type (room_type_id, no_of_bed, type_name, status, created_date, created_by) VALUES ('RT061', '1', 'Luxury Grand Room - Category 5', 'Inactive', '2021-11-12', 'reception1');
INSERT INTO room_type (room_type_id, no_of_bed, type_name, status, created_date, created_by) VALUES ('RT062', '3', 'Deluxe Room - Category 5', 'Active', '2018-10-10', 'staff_dev');
INSERT INTO room_type (room_type_id, no_of_bed, type_name, status, created_date, created_by) VALUES ('RT063', '1', 'Premier Room - Category 5', 'Active', '2022-08-02', 'frontdesk_priya');
INSERT INTO room_type (room_type_id, no_of_bed, type_name, status, created_date, created_by) VALUES ('RT064', '1', 'Executive Suite - Category 5', 'Inactive', '2022-03-14', 'supervisor_kavya');
INSERT INTO room_type (room_type_id, no_of_bed, type_name, status, created_date, created_by) VALUES ('RT065', '2', 'Presidential Suite - Category 5', 'Inactive', '2022-03-19', 'reception1');
INSERT INTO room_type (room_type_id, no_of_bed, type_name, status, created_date, created_by) VALUES ('RT066', '4', 'Heritage Room - Category 5', 'Active', '2025-04-30', 'concierge_amit');
INSERT INTO room_type (room_type_id, no_of_bed, type_name, status, created_date, created_by) VALUES ('RT067', '1', 'Royal Suite - Category 5', 'Active', '2024-01-10', 'supervisor_kavya');
INSERT INTO room_type (room_type_id, no_of_bed, type_name, status, created_date, created_by) VALUES ('RT068', '3', 'Club Room - Category 5', 'Active', '2026-03-01', 'manager_raj');
INSERT INTO room_type (room_type_id, no_of_bed, type_name, status, created_date, created_by) VALUES ('RT069', '1', 'Garden View Room - Category 5', 'Active', '2021-05-07', 'staff_dev');
INSERT INTO room_type (room_type_id, no_of_bed, type_name, status, created_date, created_by) VALUES ('RT070', '4', 'Sea View Room - Category 5', 'Inactive', '2023-12-19', 'supervisor_kavya');
INSERT INTO room_type (room_type_id, no_of_bed, type_name, status, created_date, created_by) VALUES ('RT071', '1', 'Pool Villa - Category 5', 'Active', '2023-03-02', 'concierge_amit');
INSERT INTO room_type (room_type_id, no_of_bed, type_name, status, created_date, created_by) VALUES ('RT072', '1', 'Palace Suite - Category 5', 'Active', '2020-02-12', 'reception1');
INSERT INTO room_type (room_type_id, no_of_bed, type_name, status, created_date, created_by) VALUES ('RT073', '1', 'Penthouse Suite - Category 5', 'Inactive', '2024-11-23', 'admin');
INSERT INTO room_type (room_type_id, no_of_bed, type_name, status, created_date, created_by) VALUES ('RT074', '1', 'Family Suite - Category 5', 'Active', '2018-10-03', 'reception1');
INSERT INTO room_type (room_type_id, no_of_bed, type_name, status, created_date, created_by) VALUES ('RT075', '3', 'Junior Suite - Category 5', 'Active', '2023-01-03', 'director_meera');
INSERT INTO room_type (room_type_id, no_of_bed, type_name, status, created_date, created_by) VALUES ('RT076', '4', 'Luxury Grand Room - Category 6', 'Active', '2020-09-29', 'admin');
INSERT INTO room_type (room_type_id, no_of_bed, type_name, status, created_date, created_by) VALUES ('RT077', '2', 'Deluxe Room - Category 6', 'Inactive', '2020-08-17', 'ops_karan');
INSERT INTO room_type (room_type_id, no_of_bed, type_name, status, created_date, created_by) VALUES ('RT078', '1', 'Premier Room - Category 6', 'Active', '2019-07-28', 'ops_karan');
INSERT INTO room_type (room_type_id, no_of_bed, type_name, status, created_date, created_by) VALUES ('RT079', '2', 'Executive Suite - Category 6', 'Active', '2026-03-16', 'director_meera');
INSERT INTO room_type (room_type_id, no_of_bed, type_name, status, created_date, created_by) VALUES ('RT080', '2', 'Presidential Suite - Category 6', 'Active', '2020-08-28', 'hr_neha');
INSERT INTO room_type (room_type_id, no_of_bed, type_name, status, created_date, created_by) VALUES ('RT081', '1', 'Heritage Room - Category 6', 'Active', '2022-08-21', 'hr_neha');
INSERT INTO room_type (room_type_id, no_of_bed, type_name, status, created_date, created_by) VALUES ('RT082', '2', 'Royal Suite - Category 6', 'Active', '2024-03-30', 'director_meera');
INSERT INTO room_type (room_type_id, no_of_bed, type_name, status, created_date, created_by) VALUES ('RT083', '4', 'Club Room - Category 6', 'Active', '2025-01-08', 'supervisor_kavya');
INSERT INTO room_type (room_type_id, no_of_bed, type_name, status, created_date, created_by) VALUES ('RT084', '3', 'Garden View Room - Category 6', 'Inactive', '2018-07-12', 'concierge_amit');
INSERT INTO room_type (room_type_id, no_of_bed, type_name, status, created_date, created_by) VALUES ('RT085', '4', 'Sea View Room - Category 6', 'Inactive', '2023-11-19', 'concierge_amit');
INSERT INTO room_type (room_type_id, no_of_bed, type_name, status, created_date, created_by) VALUES ('RT086', '4', 'Pool Villa - Category 6', 'Inactive', '2022-07-31', 'frontdesk_priya');
INSERT INTO room_type (room_type_id, no_of_bed, type_name, status, created_date, created_by) VALUES ('RT087', '2', 'Palace Suite - Category 6', 'Inactive', '2020-01-24', 'ops_karan');
INSERT INTO room_type (room_type_id, no_of_bed, type_name, status, created_date, created_by) VALUES ('RT088', '2', 'Penthouse Suite - Category 6', 'Active', '2020-07-12', 'hr_neha');
INSERT INTO room_type (room_type_id, no_of_bed, type_name, status, created_date, created_by) VALUES ('RT089', '4', 'Family Suite - Category 6', 'Active', '2023-03-12', 'admin');
INSERT INTO room_type (room_type_id, no_of_bed, type_name, status, created_date, created_by) VALUES ('RT090', '3', 'Junior Suite - Category 6', 'Inactive', '2022-09-03', 'ops_karan');
INSERT INTO room_type (room_type_id, no_of_bed, type_name, status, created_date, created_by) VALUES ('RT091', '3', 'Luxury Grand Room - Category 7', 'Active', '2022-05-10', 'manager_raj');
INSERT INTO room_type (room_type_id, no_of_bed, type_name, status, created_date, created_by) VALUES ('RT092', '2', 'Deluxe Room - Category 7', 'Active', '2021-09-14', 'reception1');
INSERT INTO room_type (room_type_id, no_of_bed, type_name, status, created_date, created_by) VALUES ('RT093', '2', 'Premier Room - Category 7', 'Active', '2019-01-14', 'ops_karan');
INSERT INTO room_type (room_type_id, no_of_bed, type_name, status, created_date, created_by) VALUES ('RT094', '4', 'Executive Suite - Category 7', 'Active', '2018-07-31', 'hr_neha');
INSERT INTO room_type (room_type_id, no_of_bed, type_name, status, created_date, created_by) VALUES ('RT095', '2', 'Presidential Suite - Category 7', 'Active', '2018-10-26', 'manager_raj');
INSERT INTO room_type (room_type_id, no_of_bed, type_name, status, created_date, created_by) VALUES ('RT096', '3', 'Heritage Room - Category 7', 'Active', '2023-05-18', 'manager_raj');
INSERT INTO room_type (room_type_id, no_of_bed, type_name, status, created_date, created_by) VALUES ('RT097', '2', 'Royal Suite - Category 7', 'Active', '2018-03-04', 'manager_raj');
INSERT INTO room_type (room_type_id, no_of_bed, type_name, status, created_date, created_by) VALUES ('RT098', '1', 'Club Room - Category 7', 'Active', '2026-05-18', 'staff_dev');
INSERT INTO room_type (room_type_id, no_of_bed, type_name, status, created_date, created_by) VALUES ('RT099', '1', 'Garden View Room - Category 7', 'Active', '2022-06-13', 'manager_raj');
INSERT INTO room_type (room_type_id, no_of_bed, type_name, status, created_date, created_by) VALUES ('RT100', '3', 'Sea View Room - Category 7', 'Active', '2021-03-05', 'supervisor_kavya');

-- ---------------------------------------------------------------------
-- STEP 3.x: INSERT DATA INTO customer (100 rows)
-- ---------------------------------------------------------------------
INSERT INTO customer (customer_id, customer_name, address, mob_no, dob, gender, marital_status, created_date, created_by) VALUES ('CUST001', 'Karan Birla', '904, Emerald Heights, Ahmedabad, India', '9753556093', '1961-02-02', 'Male', 'Divorced', '2024-03-16', 'director_meera');
INSERT INTO customer (customer_id, customer_name, address, mob_no, dob, gender, marital_status, created_date, created_by) VALUES ('CUST002', 'Eleanor Vanderbilt', '236, Sunset Boulevard, Kolkata, India', '+18547772522', '1997-01-12', 'Female', 'Married', '2024-01-30', 'admin');
INSERT INTO customer (customer_id, customer_name, address, mob_no, dob, gender, marital_status, created_date, created_by) VALUES ('CUST003', 'Arjun Varma', '7, Sunset Boulevard, Milan', '9312038750', '1991-05-08', 'Female', 'Single', '2018-01-28', 'ops_karan');
INSERT INTO customer (customer_id, customer_name, address, mob_no, dob, gender, marital_status, created_date, created_by) VALUES ('CUST004', 'Alexander Whitmore', '549, Hilltop Manor, Geneva', '9621182339', '1995-03-25', 'Female', 'Divorced', '2020-12-30', 'supervisor_kavya');
INSERT INTO customer (customer_id, customer_name, address, mob_no, dob, gender, marital_status, created_date, created_by) VALUES ('CUST005', 'Varun Poddar', '232, Hilltop Manor, Monaco', '+440166687002', '1955-06-02', 'Female', 'Widowed', '2025-03-26', 'concierge_amit');
INSERT INTO customer (customer_id, customer_name, address, mob_no, dob, gender, marital_status, created_date, created_by) VALUES ('CUST006', 'Felix Kensington', '44, Royal Gardens, Tokyo', '9974014890', '1964-02-03', 'Female', 'Single', '2020-04-28', 'director_meera');
INSERT INTO customer (customer_id, customer_name, address, mob_no, dob, gender, marital_status, created_date, created_by) VALUES ('CUST007', 'Varun Chawla', '578, Royal Gardens, Bengaluru, India', '+448562185016', '1968-10-28', 'Male', 'Divorced', '2024-10-14', 'director_meera');
INSERT INTO customer (customer_id, customer_name, address, mob_no, dob, gender, marital_status, created_date, created_by) VALUES ('CUST008', 'Victoria Chamberlain', '280, Regency Towers, Lucknow, India', '+15866296194', '1970-02-09', 'Male', 'Single', '2021-01-02', 'frontdesk_priya');
INSERT INTO customer (customer_id, customer_name, address, mob_no, dob, gender, marital_status, created_date, created_by) VALUES ('CUST009', 'Devansh Menon', '110, Palm Residency, Kolkata, India', '9475412126', '1988-04-07', 'Female', 'Single', '2018-04-18', 'reception1');
INSERT INTO customer (customer_id, customer_name, address, mob_no, dob, gender, marital_status, created_date, created_by) VALUES ('CUST010', 'Kabir Shah', '885, Sunset Boulevard, Paris', '9661839826', '1963-03-17', 'Male', 'Divorced', '2021-05-18', 'hr_neha');
INSERT INTO customer (customer_id, customer_name, address, mob_no, dob, gender, marital_status, created_date, created_by) VALUES ('CUST011', 'Arjun Mehta', '307, Emerald Heights, Pune, India', '+13799371240', '1983-07-02', 'Female', 'Widowed', '2021-09-11', 'staff_dev');
INSERT INTO customer (customer_id, customer_name, address, mob_no, dob, gender, marital_status, created_date, created_by) VALUES ('CUST012', 'Simran Kapoor', '971, Park Lane, Chandigarh, India', '9526547935', '1981-09-26', 'Female', 'Widowed', '2022-02-04', 'reception1');
INSERT INTO customer (customer_id, customer_name, address, mob_no, dob, gender, marital_status, created_date, created_by) VALUES ('CUST013', 'Charles Lancaster', '699, Regency Towers, Dubai', '+447374167243', '1970-09-01', 'Male', 'Widowed', '2022-03-25', 'reception1');
INSERT INTO customer (customer_id, customer_name, address, mob_no, dob, gender, marital_status, created_date, created_by) VALUES ('CUST014', 'Simran Rathi', '519, Maple Crescent, Toronto', '+448058911352', '2002-12-19', 'Male', 'Widowed', '2026-06-10', 'concierge_amit');
INSERT INTO customer (customer_id, customer_name, address, mob_no, dob, gender, marital_status, created_date, created_by) VALUES ('CUST015', 'Eleanor Kensington', '228, Riverside Court, Chennai, India', '+449375679825', '1950-03-15', 'Female', 'Single', '2021-04-25', 'supervisor_kavya');
INSERT INTO customer (customer_id, customer_name, address, mob_no, dob, gender, marital_status, created_date, created_by) VALUES ('CUST016', 'Nicholas Kensington', '146, Orchid Avenue, Monaco', '9738757177', '1976-08-11', 'Male', 'Divorced', '2018-07-03', 'reception1');
INSERT INTO customer (customer_id, customer_name, address, mob_no, dob, gender, marital_status, created_date, created_by) VALUES ('CUST017', 'Siddharth Rao', '169, Maple Crescent, Goa, India', '+12825867362', '1964-09-20', 'Female', 'Widowed', '2018-04-30', 'director_meera');
INSERT INTO customer (customer_id, customer_name, address, mob_no, dob, gender, marital_status, created_date, created_by) VALUES ('CUST018', 'Sophia Lancaster', '722, Royal Gardens, Mumbai, India', '9191825537', '1958-03-23', 'Female', 'Widowed', '2023-12-02', 'concierge_amit');
INSERT INTO customer (customer_id, customer_name, address, mob_no, dob, gender, marital_status, created_date, created_by) VALUES ('CUST019', 'Josephine Crawford', '361, Silver Oak Villas, Paris', '9249912513', '1975-05-25', 'Male', 'Married', '2022-03-10', 'frontdesk_priya');
INSERT INTO customer (customer_id, customer_name, address, mob_no, dob, gender, marital_status, created_date, created_by) VALUES ('CUST020', 'Yash Shah', '434, Lakeview Estate, Pune, India', '9828274225', '1988-06-17', 'Male', 'Divorced', '2018-02-09', 'staff_dev');
INSERT INTO customer (customer_id, customer_name, address, mob_no, dob, gender, marital_status, created_date, created_by) VALUES ('CUST021', 'Nikhil Wadia', '419, Cedar Grove, Sydney', '9772190340', '1972-08-28', 'Male', 'Divorced', '2019-11-20', 'staff_dev');
INSERT INTO customer (customer_id, customer_name, address, mob_no, dob, gender, marital_status, created_date, created_by) VALUES ('CUST022', 'Nathaniel Chamberlain', '116, Golden Meadows, Ahmedabad, India', '9858078361', '1970-03-17', 'Female', 'Single', '2023-01-17', 'hr_neha');
INSERT INTO customer (customer_id, customer_name, address, mob_no, dob, gender, marital_status, created_date, created_by) VALUES ('CUST023', 'Kabir Poddar', '795, Regency Towers, New York', '9959629233', '1953-04-29', 'Female', 'Divorced', '2024-09-10', 'ops_karan');
INSERT INTO customer (customer_id, customer_name, address, mob_no, dob, gender, marital_status, created_date, created_by) VALUES ('CUST024', 'Tara Birla', '527, Maple Crescent, Vienna', '+16042232536', '1991-11-29', 'Male', 'Divorced', '2025-01-15', 'supervisor_kavya');
INSERT INTO customer (customer_id, customer_name, address, mob_no, dob, gender, marital_status, created_date, created_by) VALUES ('CUST025', 'Arjun Rao', '96, Sunset Boulevard, Milan', '+15775901751', '1995-12-12', 'Female', 'Married', '2022-10-26', 'manager_raj');
INSERT INTO customer (customer_id, customer_name, address, mob_no, dob, gender, marital_status, created_date, created_by) VALUES ('CUST026', 'Rajeev Varma', '592, Lakeview Estate, Ahmedabad, India', '+15001701277', '1948-01-23', 'Female', 'Married', '2025-09-21', 'frontdesk_priya');
INSERT INTO customer (customer_id, customer_name, address, mob_no, dob, gender, marital_status, created_date, created_by) VALUES ('CUST027', 'Maximilian Beaumont', '281, Palm Residency, Tokyo', '+15206436110', '1967-02-23', 'Female', 'Single', '2019-06-28', 'director_meera');
INSERT INTO customer (customer_id, customer_name, address, mob_no, dob, gender, marital_status, created_date, created_by) VALUES ('CUST028', 'Raghav Malhotra', '837, Palm Residency, Kolkata, India', '+12713611155', '1974-11-05', 'Male', 'Widowed', '2026-06-12', 'frontdesk_priya');
INSERT INTO customer (customer_id, customer_name, address, mob_no, dob, gender, marital_status, created_date, created_by) VALUES ('CUST029', 'Julian Harrington', '9, Golden Meadows, Chandigarh, India', '+13269731121', '2000-11-22', 'Female', 'Divorced', '2022-10-25', 'concierge_amit');
INSERT INTO customer (customer_id, customer_name, address, mob_no, dob, gender, marital_status, created_date, created_by) VALUES ('CUST030', 'Edward Rothschild', '567, Golden Meadows, Singapore', '+440438983640', '1969-06-21', 'Female', 'Widowed', '2019-04-07', 'manager_raj');
INSERT INTO customer (customer_id, customer_name, address, mob_no, dob, gender, marital_status, created_date, created_by) VALUES ('CUST031', 'Simran Chopra', '370, Maple Crescent, London', '9696582710', '2000-09-10', 'Male', 'Single', '2020-12-09', 'manager_raj');
INSERT INTO customer (customer_id, customer_name, address, mob_no, dob, gender, marital_status, created_date, created_by) VALUES ('CUST032', 'Aditya Iyer', '644, Park Lane, Chennai, India', '+16188924141', '1993-11-14', 'Male', 'Married', '2024-01-07', 'concierge_amit');
INSERT INTO customer (customer_id, customer_name, address, mob_no, dob, gender, marital_status, created_date, created_by) VALUES ('CUST033', 'Arjun Birla', '977, Silver Oak Villas, Monaco', '9316179904', '1963-10-04', 'Male', 'Single', '2025-12-09', 'frontdesk_priya');
INSERT INTO customer (customer_id, customer_name, address, mob_no, dob, gender, marital_status, created_date, created_by) VALUES ('CUST034', 'Benjamin Carrington', '530, Regency Towers, Toronto', '+15241056481', '1971-08-04', 'Male', 'Widowed', '2023-02-08', 'ops_karan');
INSERT INTO customer (customer_id, customer_name, address, mob_no, dob, gender, marital_status, created_date, created_by) VALUES ('CUST035', 'Neha Sethi', '162, Hilltop Manor, Paris', '+441380003075', '1982-05-11', 'Male', 'Married', '2018-05-25', 'ops_karan');
INSERT INTO customer (customer_id, customer_name, address, mob_no, dob, gender, marital_status, created_date, created_by) VALUES ('CUST036', 'Oliver Kensley', '330, Royal Gardens, Singapore', '9541951802', '1968-01-09', 'Male', 'Widowed', '2018-10-10', 'staff_dev');
INSERT INTO customer (customer_id, customer_name, address, mob_no, dob, gender, marital_status, created_date, created_by) VALUES ('CUST037', 'Nathaniel Vaughn', '567, Emerald Heights, New Delhi, India', '9349493759', '1992-04-05', 'Male', 'Married', '2019-09-09', 'admin');
INSERT INTO customer (customer_id, customer_name, address, mob_no, dob, gender, marital_status, created_date, created_by) VALUES ('CUST038', 'Alexander Pemberton', '860, Park Lane, San Francisco', '+440641383670', '1960-10-09', 'Female', 'Single', '2018-06-29', 'manager_raj');
INSERT INTO customer (customer_id, customer_name, address, mob_no, dob, gender, marital_status, created_date, created_by) VALUES ('CUST039', 'Gabrielle Sterling', '470, Park Lane, Paris', '9182619906', '1959-09-23', 'Male', 'Divorced', '2020-12-05', 'concierge_amit');
INSERT INTO customer (customer_id, customer_name, address, mob_no, dob, gender, marital_status, created_date, created_by) VALUES ('CUST040', 'Victoria Somerset', '326, Emerald Heights, Paris', '9132912127', '1989-10-23', 'Female', 'Widowed', '2019-05-10', 'ops_karan');
INSERT INTO customer (customer_id, customer_name, address, mob_no, dob, gender, marital_status, created_date, created_by) VALUES ('CUST041', 'Kiara Poddar', '873, Palm Residency, Chennai, India', '9490352135', '1983-07-20', 'Male', 'Divorced', '2020-12-01', 'frontdesk_priya');
INSERT INTO customer (customer_id, customer_name, address, mob_no, dob, gender, marital_status, created_date, created_by) VALUES ('CUST042', 'Varun Sethi', '564, Royal Gardens, Surat, India', '9121003236', '1981-05-24', 'Male', 'Divorced', '2018-11-04', 'admin');
INSERT INTO customer (customer_id, customer_name, address, mob_no, dob, gender, marital_status, created_date, created_by) VALUES ('CUST043', 'Charles Marchetti', '132, Palm Residency, Milan', '+445107029667', '1950-08-24', 'Female', 'Widowed', '2019-12-09', 'concierge_amit');
INSERT INTO customer (customer_id, customer_name, address, mob_no, dob, gender, marital_status, created_date, created_by) VALUES ('CUST044', 'Diya Ambani', '153, Marine Drive, Indore, India', '+444768701462', '1985-08-11', 'Male', 'Married', '2025-01-27', 'ops_karan');
INSERT INTO customer (customer_id, customer_name, address, mob_no, dob, gender, marital_status, created_date, created_by) VALUES ('CUST045', 'Victoria Ashworth', '558, Regency Towers, Sydney', '9985642059', '1967-08-25', 'Male', 'Divorced', '2018-08-28', 'staff_dev');
INSERT INTO customer (customer_id, customer_name, address, mob_no, dob, gender, marital_status, created_date, created_by) VALUES ('CUST046', 'Ritika Oberoi', '254, Cedar Grove, New York', '9803965223', '2001-02-26', 'Female', 'Divorced', '2024-08-20', 'admin');
INSERT INTO customer (customer_id, customer_name, address, mob_no, dob, gender, marital_status, created_date, created_by) VALUES ('CUST047', 'Charlotte Lancaster', '972, Royal Gardens, Zurich', '+447842701039', '1967-08-18', 'Male', 'Widowed', '2018-01-03', 'concierge_amit');
INSERT INTO customer (customer_id, customer_name, address, mob_no, dob, gender, marital_status, created_date, created_by) VALUES ('CUST048', 'Charles Ashworth', '182, Maple Crescent, Surat, India', '+440029218515', '1983-06-28', 'Male', 'Divorced', '2021-05-21', 'concierge_amit');
INSERT INTO customer (customer_id, customer_name, address, mob_no, dob, gender, marital_status, created_date, created_by) VALUES ('CUST049', 'Ananya Menon', '655, Emerald Heights, Milan', '+18953926442', '1963-12-11', 'Male', 'Widowed', '2024-05-13', 'admin');
INSERT INTO customer (customer_id, customer_name, address, mob_no, dob, gender, marital_status, created_date, created_by) VALUES ('CUST050', 'Rajeev Chawla', '227, Cedar Grove, Zurich', '+442513552157', '1949-01-08', 'Female', 'Married', '2020-10-19', 'reception1');
INSERT INTO customer (customer_id, customer_name, address, mob_no, dob, gender, marital_status, created_date, created_by) VALUES ('CUST051', 'Ishaan Menon', '449, Park Lane, Pune, India', '9267658617', '1999-11-10', 'Male', 'Married', '2023-01-23', 'reception1');
INSERT INTO customer (customer_id, customer_name, address, mob_no, dob, gender, marital_status, created_date, created_by) VALUES ('CUST052', 'Sebastian Vanderbilt', '975, Palm Residency, Chennai, India', '9262181599', '1991-04-23', 'Male', 'Widowed', '2025-05-01', 'frontdesk_priya');
INSERT INTO customer (customer_id, customer_name, address, mob_no, dob, gender, marital_status, created_date, created_by) VALUES ('CUST053', 'Eleanor Beaumont', '211, Royal Gardens, Kolkata, India', '9884443106', '1999-04-18', 'Female', 'Married', '2018-08-12', 'concierge_amit');
INSERT INTO customer (customer_id, customer_name, address, mob_no, dob, gender, marital_status, created_date, created_by) VALUES ('CUST054', 'Kabir Birla', '615, Emerald Heights, San Francisco', '9032417146', '1990-04-01', 'Female', 'Divorced', '2019-01-09', 'ops_karan');
INSERT INTO customer (customer_id, customer_name, address, mob_no, dob, gender, marital_status, created_date, created_by) VALUES ('CUST055', 'Aman Bajaj', '457, Marine Drive, Bengaluru, India', '9743490211', '1978-11-04', 'Female', 'Married', '2024-03-17', 'admin');
INSERT INTO customer (customer_id, customer_name, address, mob_no, dob, gender, marital_status, created_date, created_by) VALUES ('CUST056', 'Marcus Blackwood', '704, Silver Oak Villas, Ahmedabad, India', '+443741608989', '1961-03-24', 'Male', 'Widowed', '2019-12-10', 'frontdesk_priya');
INSERT INTO customer (customer_id, customer_name, address, mob_no, dob, gender, marital_status, created_date, created_by) VALUES ('CUST057', 'Adrian Fairfax', '81, Cedar Grove, Pune, India', '9294511686', '1997-07-11', 'Female', 'Divorced', '2023-10-30', 'staff_dev');
INSERT INTO customer (customer_id, customer_name, address, mob_no, dob, gender, marital_status, created_date, created_by) VALUES ('CUST058', 'Alexander Ashworth', '536, Regency Towers, Zurich', '9622999119', '1957-01-22', 'Female', 'Divorced', '2022-08-11', 'hr_neha');
INSERT INTO customer (customer_id, customer_name, address, mob_no, dob, gender, marital_status, created_date, created_by) VALUES ('CUST059', 'Neha Mittal', '177, Hilltop Manor, London', '9996065307', '1972-02-04', 'Female', 'Single', '2021-10-15', 'hr_neha');
INSERT INTO customer (customer_id, customer_name, address, mob_no, dob, gender, marital_status, created_date, created_by) VALUES ('CUST060', 'Neha Sethi', '996, Silver Oak Villas, New York', '9475469137', '1966-12-18', 'Female', 'Widowed', '2023-10-17', 'concierge_amit');
INSERT INTO customer (customer_id, customer_name, address, mob_no, dob, gender, marital_status, created_date, created_by) VALUES ('CUST061', 'Gabrielle Ashworth', '727, Riverside Court, Chennai, India', '9890233030', '1988-12-12', 'Male', 'Divorced', '2025-11-26', 'manager_raj');
INSERT INTO customer (customer_id, customer_name, address, mob_no, dob, gender, marital_status, created_date, created_by) VALUES ('CUST062', 'Vivaan Saraf', '127, Cedar Grove, Indore, India', '9579727985', '1978-11-19', 'Male', 'Divorced', '2026-05-26', 'reception1');
INSERT INTO customer (customer_id, customer_name, address, mob_no, dob, gender, marital_status, created_date, created_by) VALUES ('CUST063', 'Nikhil Bansal', '799, Royal Gardens, Chandigarh, India', '+443468007229', '1948-10-04', 'Male', 'Divorced', '2024-10-27', 'hr_neha');
INSERT INTO customer (customer_id, customer_name, address, mob_no, dob, gender, marital_status, created_date, created_by) VALUES ('CUST064', 'Oliver Radcliffe', '386, Silver Oak Villas, Indore, India', '9437489691', '1948-08-28', 'Female', 'Divorced', '2021-05-07', 'reception1');
INSERT INTO customer (customer_id, customer_name, address, mob_no, dob, gender, marital_status, created_date, created_by) VALUES ('CUST065', 'Siddharth Ambani', '284, Hilltop Manor, Vienna', '+444328309652', '1950-04-14', 'Female', 'Divorced', '2020-11-28', 'supervisor_kavya');
INSERT INTO customer (customer_id, customer_name, address, mob_no, dob, gender, marital_status, created_date, created_by) VALUES ('CUST066', 'Rohan Mittal', '836, Royal Gardens, Zurich', '9387584282', '1974-05-10', 'Male', 'Widowed', '2019-06-09', 'hr_neha');
INSERT INTO customer (customer_id, customer_name, address, mob_no, dob, gender, marital_status, created_date, created_by) VALUES ('CUST067', 'Vivienne Chamberlain', '922, Orchid Avenue, San Francisco', '+13465549471', '1990-03-19', 'Male', 'Single', '2023-04-19', 'manager_raj');
INSERT INTO customer (customer_id, customer_name, address, mob_no, dob, gender, marital_status, created_date, created_by) VALUES ('CUST068', 'Nikhil Saraf', '892, Silver Oak Villas, Mumbai, India', '9356972521', '1991-09-29', 'Female', 'Married', '2021-07-07', 'admin');
INSERT INTO customer (customer_id, customer_name, address, mob_no, dob, gender, marital_status, created_date, created_by) VALUES ('CUST069', 'Saanvi Bhatia', '591, Regency Towers, Dubai', '9129666676', '1948-06-01', 'Male', 'Married', '2026-03-12', 'concierge_amit');
INSERT INTO customer (customer_id, customer_name, address, mob_no, dob, gender, marital_status, created_date, created_by) VALUES ('CUST070', 'Leopold Hastings', '196, Marine Drive, Toronto', '+443354216894', '1962-12-25', 'Male', 'Single', '2021-05-06', 'hr_neha');
INSERT INTO customer (customer_id, customer_name, address, mob_no, dob, gender, marital_status, created_date, created_by) VALUES ('CUST071', 'Kavya Shah', '910, Cedar Grove, Hong Kong', '+17532603323', '1949-12-19', 'Male', 'Single', '2022-02-10', 'admin');
INSERT INTO customer (customer_id, customer_name, address, mob_no, dob, gender, marital_status, created_date, created_by) VALUES ('CUST072', 'Riya Pillai', '609, Marine Drive, London', '+440016761847', '1961-09-26', 'Male', 'Single', '2021-05-18', 'supervisor_kavya');
INSERT INTO customer (customer_id, customer_name, address, mob_no, dob, gender, marital_status, created_date, created_by) VALUES ('CUST073', 'Julian Blackwood', '718, Lakeview Estate, Chandigarh, India', '9189141173', '2002-08-20', 'Male', 'Divorced', '2023-11-13', 'manager_raj');
INSERT INTO customer (customer_id, customer_name, address, mob_no, dob, gender, marital_status, created_date, created_by) VALUES ('CUST074', 'Yash Birla', '509, Maple Crescent, Ahmedabad, India', '9753001197', '1961-05-19', 'Male', 'Single', '2026-02-11', 'reception1');
INSERT INTO customer (customer_id, customer_name, address, mob_no, dob, gender, marital_status, created_date, created_by) VALUES ('CUST075', 'Henry Pemberton', '271, Emerald Heights, Chennai, India', '9204556110', '1948-11-12', 'Male', 'Married', '2021-09-08', 'concierge_amit');
INSERT INTO customer (customer_id, customer_name, address, mob_no, dob, gender, marital_status, created_date, created_by) VALUES ('CUST076', 'Josephine Rothschild', '382, Silver Oak Villas, New York', '9166746762', '1958-02-21', 'Male', 'Single', '2019-10-15', 'reception1');
INSERT INTO customer (customer_id, customer_name, address, mob_no, dob, gender, marital_status, created_date, created_by) VALUES ('CUST077', 'Ritika Rathi', '449, Lakeview Estate, San Francisco', '+449027716701', '1971-06-21', 'Female', 'Single', '2025-11-25', 'ops_karan');
INSERT INTO customer (customer_id, customer_name, address, mob_no, dob, gender, marital_status, created_date, created_by) VALUES ('CUST078', 'Beatrice Kensley', '895, Orchid Avenue, San Francisco', '+449163756289', '1952-11-23', 'Male', 'Married', '2023-09-02', 'staff_dev');
INSERT INTO customer (customer_id, customer_name, address, mob_no, dob, gender, marital_status, created_date, created_by) VALUES ('CUST079', 'Felix Beaumont', '329, Royal Gardens, Jaipur, India', '9408386631', '1989-03-09', 'Female', 'Widowed', '2018-12-27', 'staff_dev');
INSERT INTO customer (customer_id, customer_name, address, mob_no, dob, gender, marital_status, created_date, created_by) VALUES ('CUST080', 'Rudra Rathi', '106, Sunset Boulevard, London', '9880199488', '1966-07-23', 'Female', 'Divorced', '2022-01-28', 'admin');
INSERT INTO customer (customer_id, customer_name, address, mob_no, dob, gender, marital_status, created_date, created_by) VALUES ('CUST081', 'Felix Winslow', '635, Golden Meadows, Goa, India', '9571130554', '1997-02-18', 'Female', 'Single', '2018-07-07', 'frontdesk_priya');
INSERT INTO customer (customer_id, customer_name, address, mob_no, dob, gender, marital_status, created_date, created_by) VALUES ('CUST082', 'Yash Khanna', '193, Palm Residency, Hyderabad, India', '+17351609177', '2000-11-13', 'Male', 'Widowed', '2018-01-18', 'ops_karan');
INSERT INTO customer (customer_id, customer_name, address, mob_no, dob, gender, marital_status, created_date, created_by) VALUES ('CUST083', 'Vivienne Rossellini', '495, Maple Crescent, Chandigarh, India', '+442922169958', '1982-07-05', 'Female', 'Married', '2021-01-25', 'supervisor_kavya');
INSERT INTO customer (customer_id, customer_name, address, mob_no, dob, gender, marital_status, created_date, created_by) VALUES ('CUST084', 'Maximilian Winslow', '423, Golden Meadows, Dubai', '+444858333945', '1959-11-26', 'Male', 'Divorced', '2025-12-19', 'reception1');
INSERT INTO customer (customer_id, customer_name, address, mob_no, dob, gender, marital_status, created_date, created_by) VALUES ('CUST085', 'Vivienne Carrington', '728, Sunset Boulevard, San Francisco', '+448460810620', '1953-01-28', 'Male', 'Divorced', '2026-05-31', 'frontdesk_priya');
INSERT INTO customer (customer_id, customer_name, address, mob_no, dob, gender, marital_status, created_date, created_by) VALUES ('CUST086', 'Julian Rothschild', '708, Regency Towers, Mumbai, India', '9805719838', '1982-11-21', 'Male', 'Divorced', '2025-10-09', 'admin');
INSERT INTO customer (customer_id, customer_name, address, mob_no, dob, gender, marital_status, created_date, created_by) VALUES ('CUST087', 'Victoria Sterling', '321, Riverside Court, San Francisco', '9439735989', '1965-08-16', 'Male', 'Divorced', '2023-01-13', 'frontdesk_priya');
INSERT INTO customer (customer_id, customer_name, address, mob_no, dob, gender, marital_status, created_date, created_by) VALUES ('CUST088', 'Nicholas Beaumont', '527, Palm Residency, Monaco', '9648422940', '1977-08-27', 'Female', 'Married', '2018-06-13', 'frontdesk_priya');
INSERT INTO customer (customer_id, customer_name, address, mob_no, dob, gender, marital_status, created_date, created_by) VALUES ('CUST089', 'Josephine Ashford', '631, Silver Oak Villas, San Francisco', '+19851583281', '1993-04-26', 'Male', 'Widowed', '2024-02-03', 'ops_karan');
INSERT INTO customer (customer_id, customer_name, address, mob_no, dob, gender, marital_status, created_date, created_by) VALUES ('CUST090', 'Karan Oberoi', '340, Orchid Avenue, San Francisco', '9398780157', '1969-07-24', 'Male', 'Single', '2025-08-27', 'concierge_amit');
INSERT INTO customer (customer_id, customer_name, address, mob_no, dob, gender, marital_status, created_date, created_by) VALUES ('CUST091', 'Rudra Jindal', '290, Marine Drive, Surat, India', '+445887704358', '1955-05-22', 'Male', 'Married', '2024-01-13', 'ops_karan');
INSERT INTO customer (customer_id, customer_name, address, mob_no, dob, gender, marital_status, created_date, created_by) VALUES ('CUST092', 'Arjun Bhatia', '219, Silver Oak Villas, Milan', '+443861207501', '1954-07-28', 'Male', 'Married', '2020-10-28', 'ops_karan');
INSERT INTO customer (customer_id, customer_name, address, mob_no, dob, gender, marital_status, created_date, created_by) VALUES ('CUST093', 'Myra Chawla', '462, Cedar Grove, Pune, India', '9506180919', '1952-01-31', 'Male', 'Divorced', '2023-08-22', 'reception1');
INSERT INTO customer (customer_id, customer_name, address, mob_no, dob, gender, marital_status, created_date, created_by) VALUES ('CUST094', 'Zara Shah', '949, Emerald Heights, Goa, India', '9072832684', '1960-12-04', 'Female', 'Divorced', '2018-02-15', 'ops_karan');
INSERT INTO customer (customer_id, customer_name, address, mob_no, dob, gender, marital_status, created_date, created_by) VALUES ('CUST095', 'William Kensington', '611, Sunset Boulevard, Chandigarh, India', '+444353682223', '1970-09-03', 'Male', 'Single', '2020-01-13', 'director_meera');
INSERT INTO customer (customer_id, customer_name, address, mob_no, dob, gender, marital_status, created_date, created_by) VALUES ('CUST096', 'Felix Chamberlain', '473, Cedar Grove, Toronto', '+11413975523', '1956-12-22', 'Female', 'Single', '2020-03-03', 'concierge_amit');
INSERT INTO customer (customer_id, customer_name, address, mob_no, dob, gender, marital_status, created_date, created_by) VALUES ('CUST097', 'Siddharth Shah', '599, Lakeview Estate, Monaco', '+15620533645', '1960-01-18', 'Female', 'Widowed', '2023-03-11', 'staff_dev');
INSERT INTO customer (customer_id, customer_name, address, mob_no, dob, gender, marital_status, created_date, created_by) VALUES ('CUST098', 'Zara Rathi', '662, Golden Meadows, Dubai', '9428341108', '1950-10-19', 'Female', 'Married', '2018-05-31', 'ops_karan');
INSERT INTO customer (customer_id, customer_name, address, mob_no, dob, gender, marital_status, created_date, created_by) VALUES ('CUST099', 'Meera Rathi', '375, Sunset Boulevard, Dubai', '9942788165', '1993-01-19', 'Male', 'Married', '2024-11-20', 'frontdesk_priya');
INSERT INTO customer (customer_id, customer_name, address, mob_no, dob, gender, marital_status, created_date, created_by) VALUES ('CUST100', 'William Winslow', '972, Golden Meadows, Chandigarh, India', '+447503731453', '1951-11-03', 'Male', 'Divorced', '2022-05-09', 'staff_dev');

-- ---------------------------------------------------------------------
-- STEP 3.x: INSERT DATA INTO room (100 rows)
-- ---------------------------------------------------------------------
INSERT INTO room (room_id, hotel_code, room_type_id, total_days, room_charge, created_date, created_by) VALUES ('RM001', 'HTL059', 'RT006', '2', '95000', '2021-08-20', 'reception1');
INSERT INTO room (room_id, hotel_code, room_type_id, total_days, room_charge, created_date, created_by) VALUES ('RM002', 'HTL091', 'RT067', '21', '18000', '2026-04-27', 'hr_neha');
INSERT INTO room (room_id, hotel_code, room_type_id, total_days, room_charge, created_date, created_by) VALUES ('RM003', 'HTL075', 'RT070', '19', '12000', '2022-03-23', 'supervisor_kavya');
INSERT INTO room (room_id, hotel_code, room_type_id, total_days, room_charge, created_date, created_by) VALUES ('RM004', 'HTL047', 'RT076', '21', '9500', '2023-10-18', 'hr_neha');
INSERT INTO room (room_id, hotel_code, room_type_id, total_days, room_charge, created_date, created_by) VALUES ('RM005', 'HTL049', 'RT029', '17', '28000', '2021-12-16', 'concierge_amit');
INSERT INTO room (room_id, hotel_code, room_type_id, total_days, room_charge, created_date, created_by) VALUES ('RM006', 'HTL063', 'RT062', '20', '8500', '2023-08-18', 'frontdesk_priya');
INSERT INTO room (room_id, hotel_code, room_type_id, total_days, room_charge, created_date, created_by) VALUES ('RM007', 'HTL057', 'RT022', '8', '9500', '2023-10-09', 'hr_neha');
INSERT INTO room (room_id, hotel_code, room_type_id, total_days, room_charge, created_date, created_by) VALUES ('RM008', 'HTL028', 'RT020', '6', '12000', '2022-01-23', 'director_meera');
INSERT INTO room (room_id, hotel_code, room_type_id, total_days, room_charge, created_date, created_by) VALUES ('RM009', 'HTL092', 'RT016', '8', '28000', '2021-09-14', 'reception1');
INSERT INTO room (room_id, hotel_code, room_type_id, total_days, room_charge, created_date, created_by) VALUES ('RM010', 'HTL062', 'RT087', '16', '35000', '2020-05-13', 'director_meera');
INSERT INTO room (room_id, hotel_code, room_type_id, total_days, room_charge, created_date, created_by) VALUES ('RM011', 'HTL021', 'RT083', '14', '8500', '2020-09-25', 'admin');
INSERT INTO room (room_id, hotel_code, room_type_id, total_days, room_charge, created_date, created_by) VALUES ('RM012', 'HTL017', 'RT074', '19', '12000', '2019-07-06', 'ops_karan');
INSERT INTO room (room_id, hotel_code, room_type_id, total_days, room_charge, created_date, created_by) VALUES ('RM013', 'HTL006', 'RT074', '5', '8500', '2019-11-13', 'hr_neha');
INSERT INTO room (room_id, hotel_code, room_type_id, total_days, room_charge, created_date, created_by) VALUES ('RM014', 'HTL024', 'RT067', '13', '65000', '2024-04-27', 'admin');
INSERT INTO room (room_id, hotel_code, room_type_id, total_days, room_charge, created_date, created_by) VALUES ('RM015', 'HTL093', 'RT094', '10', '9500', '2020-06-06', 'staff_dev');
INSERT INTO room (room_id, hotel_code, room_type_id, total_days, room_charge, created_date, created_by) VALUES ('RM016', 'HTL078', 'RT061', '16', '12000', '2020-06-17', 'supervisor_kavya');
INSERT INTO room (room_id, hotel_code, room_type_id, total_days, room_charge, created_date, created_by) VALUES ('RM017', 'HTL077', 'RT019', '19', '12000', '2024-12-27', 'ops_karan');
INSERT INTO room (room_id, hotel_code, room_type_id, total_days, room_charge, created_date, created_by) VALUES ('RM018', 'HTL034', 'RT022', '11', '35000', '2024-09-09', 'director_meera');
INSERT INTO room (room_id, hotel_code, room_type_id, total_days, room_charge, created_date, created_by) VALUES ('RM019', 'HTL009', 'RT030', '13', '28000', '2019-06-26', 'reception1');
INSERT INTO room (room_id, hotel_code, room_type_id, total_days, room_charge, created_date, created_by) VALUES ('RM020', 'HTL003', 'RT026', '17', '45000', '2025-09-04', 'supervisor_kavya');
INSERT INTO room (room_id, hotel_code, room_type_id, total_days, room_charge, created_date, created_by) VALUES ('RM021', 'HTL020', 'RT078', '4', '12000', '2023-05-04', 'director_meera');
INSERT INTO room (room_id, hotel_code, room_type_id, total_days, room_charge, created_date, created_by) VALUES ('RM022', 'HTL077', 'RT005', '18', '45000', '2026-06-09', 'reception1');
INSERT INTO room (room_id, hotel_code, room_type_id, total_days, room_charge, created_date, created_by) VALUES ('RM023', 'HTL012', 'RT062', '5', '65000', '2024-01-18', 'admin');
INSERT INTO room (room_id, hotel_code, room_type_id, total_days, room_charge, created_date, created_by) VALUES ('RM024', 'HTL100', 'RT087', '21', '28000', '2023-11-09', 'supervisor_kavya');
INSERT INTO room (room_id, hotel_code, room_type_id, total_days, room_charge, created_date, created_by) VALUES ('RM025', 'HTL048', 'RT006', '17', '28000', '2020-07-28', 'staff_dev');
INSERT INTO room (room_id, hotel_code, room_type_id, total_days, room_charge, created_date, created_by) VALUES ('RM026', 'HTL099', 'RT049', '12', '65000', '2026-04-25', 'director_meera');
INSERT INTO room (room_id, hotel_code, room_type_id, total_days, room_charge, created_date, created_by) VALUES ('RM027', 'HTL013', 'RT055', '5', '18000', '2023-05-09', 'manager_raj');
INSERT INTO room (room_id, hotel_code, room_type_id, total_days, room_charge, created_date, created_by) VALUES ('RM028', 'HTL011', 'RT037', '20', '45000', '2022-08-01', 'hr_neha');
INSERT INTO room (room_id, hotel_code, room_type_id, total_days, room_charge, created_date, created_by) VALUES ('RM029', 'HTL025', 'RT001', '1', '65000', '2023-11-11', 'reception1');
INSERT INTO room (room_id, hotel_code, room_type_id, total_days, room_charge, created_date, created_by) VALUES ('RM030', 'HTL067', 'RT001', '13', '95000', '2020-04-21', 'concierge_amit');
INSERT INTO room (room_id, hotel_code, room_type_id, total_days, room_charge, created_date, created_by) VALUES ('RM031', 'HTL053', 'RT047', '4', '12000', '2022-10-12', 'director_meera');
INSERT INTO room (room_id, hotel_code, room_type_id, total_days, room_charge, created_date, created_by) VALUES ('RM032', 'HTL033', 'RT034', '18', '28000', '2024-05-01', 'concierge_amit');
INSERT INTO room (room_id, hotel_code, room_type_id, total_days, room_charge, created_date, created_by) VALUES ('RM033', 'HTL079', 'RT036', '13', '15000', '2022-08-20', 'ops_karan');
INSERT INTO room (room_id, hotel_code, room_type_id, total_days, room_charge, created_date, created_by) VALUES ('RM034', 'HTL072', 'RT062', '6', '22000', '2024-04-09', 'ops_karan');
INSERT INTO room (room_id, hotel_code, room_type_id, total_days, room_charge, created_date, created_by) VALUES ('RM035', 'HTL062', 'RT033', '10', '65000', '2021-11-11', 'supervisor_kavya');
INSERT INTO room (room_id, hotel_code, room_type_id, total_days, room_charge, created_date, created_by) VALUES ('RM036', 'HTL095', 'RT018', '4', '150000', '2020-07-30', 'staff_dev');
INSERT INTO room (room_id, hotel_code, room_type_id, total_days, room_charge, created_date, created_by) VALUES ('RM037', 'HTL090', 'RT021', '4', '15000', '2023-09-14', 'supervisor_kavya');
INSERT INTO room (room_id, hotel_code, room_type_id, total_days, room_charge, created_date, created_by) VALUES ('RM038', 'HTL044', 'RT071', '20', '150000', '2025-09-04', 'admin');
INSERT INTO room (room_id, hotel_code, room_type_id, total_days, room_charge, created_date, created_by) VALUES ('RM039', 'HTL021', 'RT050', '21', '8500', '2019-01-09', 'frontdesk_priya');
INSERT INTO room (room_id, hotel_code, room_type_id, total_days, room_charge, created_date, created_by) VALUES ('RM040', 'HTL061', 'RT077', '14', '9500', '2018-09-20', 'hr_neha');
INSERT INTO room (room_id, hotel_code, room_type_id, total_days, room_charge, created_date, created_by) VALUES ('RM041', 'HTL029', 'RT048', '3', '65000', '2018-06-04', 'supervisor_kavya');
INSERT INTO room (room_id, hotel_code, room_type_id, total_days, room_charge, created_date, created_by) VALUES ('RM042', 'HTL052', 'RT079', '21', '45000', '2021-03-19', 'director_meera');
INSERT INTO room (room_id, hotel_code, room_type_id, total_days, room_charge, created_date, created_by) VALUES ('RM043', 'HTL008', 'RT100', '6', '95000', '2023-07-18', 'staff_dev');
INSERT INTO room (room_id, hotel_code, room_type_id, total_days, room_charge, created_date, created_by) VALUES ('RM044', 'HTL002', 'RT026', '17', '18000', '2020-03-08', 'admin');
INSERT INTO room (room_id, hotel_code, room_type_id, total_days, room_charge, created_date, created_by) VALUES ('RM045', 'HTL077', 'RT066', '17', '150000', '2020-08-06', 'director_meera');
INSERT INTO room (room_id, hotel_code, room_type_id, total_days, room_charge, created_date, created_by) VALUES ('RM046', 'HTL022', 'RT087', '2', '22000', '2020-09-06', 'admin');
INSERT INTO room (room_id, hotel_code, room_type_id, total_days, room_charge, created_date, created_by) VALUES ('RM047', 'HTL021', 'RT012', '9', '28000', '2021-12-17', 'supervisor_kavya');
INSERT INTO room (room_id, hotel_code, room_type_id, total_days, room_charge, created_date, created_by) VALUES ('RM048', 'HTL052', 'RT076', '7', '45000', '2018-03-04', 'reception1');
INSERT INTO room (room_id, hotel_code, room_type_id, total_days, room_charge, created_date, created_by) VALUES ('RM049', 'HTL012', 'RT071', '10', '150000', '2024-04-09', 'director_meera');
INSERT INTO room (room_id, hotel_code, room_type_id, total_days, room_charge, created_date, created_by) VALUES ('RM050', 'HTL045', 'RT045', '9', '15000', '2024-10-19', 'manager_raj');
INSERT INTO room (room_id, hotel_code, room_type_id, total_days, room_charge, created_date, created_by) VALUES ('RM051', 'HTL059', 'RT052', '19', '8500', '2020-12-05', 'frontdesk_priya');
INSERT INTO room (room_id, hotel_code, room_type_id, total_days, room_charge, created_date, created_by) VALUES ('RM052', 'HTL053', 'RT065', '4', '45000', '2018-10-24', 'ops_karan');
INSERT INTO room (room_id, hotel_code, room_type_id, total_days, room_charge, created_date, created_by) VALUES ('RM053', 'HTL038', 'RT044', '4', '45000', '2020-11-21', 'ops_karan');
INSERT INTO room (room_id, hotel_code, room_type_id, total_days, room_charge, created_date, created_by) VALUES ('RM054', 'HTL074', 'RT033', '15', '28000', '2024-04-25', 'staff_dev');
INSERT INTO room (room_id, hotel_code, room_type_id, total_days, room_charge, created_date, created_by) VALUES ('RM055', 'HTL099', 'RT032', '11', '35000', '2025-08-23', 'staff_dev');
INSERT INTO room (room_id, hotel_code, room_type_id, total_days, room_charge, created_date, created_by) VALUES ('RM056', 'HTL076', 'RT004', '16', '9500', '2020-11-22', 'reception1');
INSERT INTO room (room_id, hotel_code, room_type_id, total_days, room_charge, created_date, created_by) VALUES ('RM057', 'HTL049', 'RT082', '8', '95000', '2025-11-12', 'manager_raj');
INSERT INTO room (room_id, hotel_code, room_type_id, total_days, room_charge, created_date, created_by) VALUES ('RM058', 'HTL041', 'RT053', '12', '45000', '2024-01-04', 'admin');
INSERT INTO room (room_id, hotel_code, room_type_id, total_days, room_charge, created_date, created_by) VALUES ('RM059', 'HTL090', 'RT034', '8', '18000', '2019-01-16', 'supervisor_kavya');
INSERT INTO room (room_id, hotel_code, room_type_id, total_days, room_charge, created_date, created_by) VALUES ('RM060', 'HTL087', 'RT096', '11', '9500', '2024-03-21', 'frontdesk_priya');
INSERT INTO room (room_id, hotel_code, room_type_id, total_days, room_charge, created_date, created_by) VALUES ('RM061', 'HTL061', 'RT041', '12', '15000', '2024-06-07', 'hr_neha');
INSERT INTO room (room_id, hotel_code, room_type_id, total_days, room_charge, created_date, created_by) VALUES ('RM062', 'HTL024', 'RT096', '7', '35000', '2026-04-08', 'manager_raj');
INSERT INTO room (room_id, hotel_code, room_type_id, total_days, room_charge, created_date, created_by) VALUES ('RM063', 'HTL031', 'RT095', '8', '18000', '2020-04-26', 'manager_raj');
INSERT INTO room (room_id, hotel_code, room_type_id, total_days, room_charge, created_date, created_by) VALUES ('RM064', 'HTL026', 'RT032', '20', '22000', '2019-10-01', 'reception1');
INSERT INTO room (room_id, hotel_code, room_type_id, total_days, room_charge, created_date, created_by) VALUES ('RM065', 'HTL016', 'RT011', '16', '65000', '2018-01-28', 'ops_karan');
INSERT INTO room (room_id, hotel_code, room_type_id, total_days, room_charge, created_date, created_by) VALUES ('RM066', 'HTL006', 'RT062', '12', '65000', '2021-07-15', 'staff_dev');
INSERT INTO room (room_id, hotel_code, room_type_id, total_days, room_charge, created_date, created_by) VALUES ('RM067', 'HTL074', 'RT036', '16', '12000', '2023-09-25', 'hr_neha');
INSERT INTO room (room_id, hotel_code, room_type_id, total_days, room_charge, created_date, created_by) VALUES ('RM068', 'HTL051', 'RT029', '19', '12000', '2018-08-10', 'ops_karan');
INSERT INTO room (room_id, hotel_code, room_type_id, total_days, room_charge, created_date, created_by) VALUES ('RM069', 'HTL055', 'RT062', '18', '8500', '2023-08-21', 'concierge_amit');
INSERT INTO room (room_id, hotel_code, room_type_id, total_days, room_charge, created_date, created_by) VALUES ('RM070', 'HTL051', 'RT088', '6', '35000', '2019-05-09', 'ops_karan');
INSERT INTO room (room_id, hotel_code, room_type_id, total_days, room_charge, created_date, created_by) VALUES ('RM071', 'HTL059', 'RT041', '1', '8500', '2025-07-24', 'manager_raj');
INSERT INTO room (room_id, hotel_code, room_type_id, total_days, room_charge, created_date, created_by) VALUES ('RM072', 'HTL049', 'RT075', '4', '22000', '2022-01-21', 'director_meera');
INSERT INTO room (room_id, hotel_code, room_type_id, total_days, room_charge, created_date, created_by) VALUES ('RM073', 'HTL034', 'RT024', '18', '18000', '2020-08-29', 'hr_neha');
INSERT INTO room (room_id, hotel_code, room_type_id, total_days, room_charge, created_date, created_by) VALUES ('RM074', 'HTL061', 'RT079', '11', '22000', '2020-01-24', 'staff_dev');
INSERT INTO room (room_id, hotel_code, room_type_id, total_days, room_charge, created_date, created_by) VALUES ('RM075', 'HTL055', 'RT027', '14', '150000', '2026-06-08', 'concierge_amit');
INSERT INTO room (room_id, hotel_code, room_type_id, total_days, room_charge, created_date, created_by) VALUES ('RM076', 'HTL047', 'RT052', '9', '35000', '2020-01-07', 'director_meera');
INSERT INTO room (room_id, hotel_code, room_type_id, total_days, room_charge, created_date, created_by) VALUES ('RM077', 'HTL017', 'RT074', '8', '9500', '2026-01-31', 'hr_neha');
INSERT INTO room (room_id, hotel_code, room_type_id, total_days, room_charge, created_date, created_by) VALUES ('RM078', 'HTL031', 'RT072', '14', '28000', '2020-03-14', 'frontdesk_priya');
INSERT INTO room (room_id, hotel_code, room_type_id, total_days, room_charge, created_date, created_by) VALUES ('RM079', 'HTL095', 'RT020', '16', '8500', '2019-12-25', 'supervisor_kavya');
INSERT INTO room (room_id, hotel_code, room_type_id, total_days, room_charge, created_date, created_by) VALUES ('RM080', 'HTL064', 'RT018', '21', '45000', '2023-12-28', 'concierge_amit');
INSERT INTO room (room_id, hotel_code, room_type_id, total_days, room_charge, created_date, created_by) VALUES ('RM081', 'HTL063', 'RT039', '9', '45000', '2024-05-14', 'admin');
INSERT INTO room (room_id, hotel_code, room_type_id, total_days, room_charge, created_date, created_by) VALUES ('RM082', 'HTL051', 'RT013', '6', '8500', '2020-06-01', 'hr_neha');
INSERT INTO room (room_id, hotel_code, room_type_id, total_days, room_charge, created_date, created_by) VALUES ('RM083', 'HTL061', 'RT081', '4', '35000', '2026-05-08', 'concierge_amit');
INSERT INTO room (room_id, hotel_code, room_type_id, total_days, room_charge, created_date, created_by) VALUES ('RM084', 'HTL034', 'RT047', '12', '45000', '2024-04-02', 'hr_neha');
INSERT INTO room (room_id, hotel_code, room_type_id, total_days, room_charge, created_date, created_by) VALUES ('RM085', 'HTL045', 'RT003', '14', '9500', '2021-12-09', 'director_meera');
INSERT INTO room (room_id, hotel_code, room_type_id, total_days, room_charge, created_date, created_by) VALUES ('RM086', 'HTL026', 'RT074', '19', '95000', '2025-04-12', 'ops_karan');
INSERT INTO room (room_id, hotel_code, room_type_id, total_days, room_charge, created_date, created_by) VALUES ('RM087', 'HTL023', 'RT100', '10', '22000', '2021-08-24', 'ops_karan');
INSERT INTO room (room_id, hotel_code, room_type_id, total_days, room_charge, created_date, created_by) VALUES ('RM088', 'HTL063', 'RT100', '15', '9500', '2022-04-10', 'director_meera');
INSERT INTO room (room_id, hotel_code, room_type_id, total_days, room_charge, created_date, created_by) VALUES ('RM089', 'HTL037', 'RT060', '21', '12000', '2019-11-18', 'concierge_amit');
INSERT INTO room (room_id, hotel_code, room_type_id, total_days, room_charge, created_date, created_by) VALUES ('RM090', 'HTL054', 'RT081', '20', '65000', '2022-07-16', 'reception1');
INSERT INTO room (room_id, hotel_code, room_type_id, total_days, room_charge, created_date, created_by) VALUES ('RM091', 'HTL011', 'RT021', '11', '15000', '2021-07-08', 'concierge_amit');
INSERT INTO room (room_id, hotel_code, room_type_id, total_days, room_charge, created_date, created_by) VALUES ('RM092', 'HTL084', 'RT038', '9', '65000', '2025-03-25', 'supervisor_kavya');
INSERT INTO room (room_id, hotel_code, room_type_id, total_days, room_charge, created_date, created_by) VALUES ('RM093', 'HTL035', 'RT057', '12', '150000', '2024-08-01', 'ops_karan');
INSERT INTO room (room_id, hotel_code, room_type_id, total_days, room_charge, created_date, created_by) VALUES ('RM094', 'HTL058', 'RT053', '6', '12000', '2018-04-05', 'frontdesk_priya');
INSERT INTO room (room_id, hotel_code, room_type_id, total_days, room_charge, created_date, created_by) VALUES ('RM095', 'HTL094', 'RT031', '9', '150000', '2025-11-10', 'reception1');
INSERT INTO room (room_id, hotel_code, room_type_id, total_days, room_charge, created_date, created_by) VALUES ('RM096', 'HTL027', 'RT022', '13', '9500', '2019-01-27', 'reception1');
INSERT INTO room (room_id, hotel_code, room_type_id, total_days, room_charge, created_date, created_by) VALUES ('RM097', 'HTL061', 'RT071', '2', '8500', '2022-06-15', 'ops_karan');
INSERT INTO room (room_id, hotel_code, room_type_id, total_days, room_charge, created_date, created_by) VALUES ('RM098', 'HTL098', 'RT011', '4', '18000', '2024-12-06', 'frontdesk_priya');
INSERT INTO room (room_id, hotel_code, room_type_id, total_days, room_charge, created_date, created_by) VALUES ('RM099', 'HTL011', 'RT084', '13', '18000', '2020-07-28', 'manager_raj');
INSERT INTO room (room_id, hotel_code, room_type_id, total_days, room_charge, created_date, created_by) VALUES ('RM100', 'HTL095', 'RT037', '15', '95000', '2019-06-02', 'frontdesk_priya');

-- ---------------------------------------------------------------------
-- STEP 3.x: INSERT DATA INTO booking (100 rows)
-- ---------------------------------------------------------------------
INSERT INTO booking (booking_id, room_id, customer_id, check_in, check_out, phone_no, reference, created_date, created_by) VALUES ('BKG001', 'RM068', 'CUST022', '2018-04-28', '2018-04-29', '+445778487282', 'Referral', '2018-04-28', 'director_meera');
INSERT INTO booking (booking_id, room_id, customer_id, check_in, check_out, phone_no, reference, created_date, created_by) VALUES ('BKG002', 'RM059', 'CUST081', '2026-05-26', '2026-06-06', '+18457831745', 'Corporate Tie-up', '2026-05-26', 'hr_neha');
INSERT INTO booking (booking_id, room_id, customer_id, check_in, check_out, phone_no, reference, created_date, created_by) VALUES ('BKG003', 'RM020', 'CUST039', '2018-02-13', '2018-02-14', '+442547807740', 'Concierge Call', '2018-02-13', 'supervisor_kavya');
INSERT INTO booking (booking_id, room_id, customer_id, check_in, check_out, phone_no, reference, created_date, created_by) VALUES ('BKG004', 'RM038', 'CUST077', '2020-08-05', '2020-08-18', '9536866326', 'Concierge Call', '2020-08-05', 'supervisor_kavya');
INSERT INTO booking (booking_id, room_id, customer_id, check_in, check_out, phone_no, reference, created_date, created_by) VALUES ('BKG005', 'RM029', 'CUST034', '2018-11-21', '2018-11-28', '+449448463122', 'Walk-in', '2018-11-21', 'reception1');
INSERT INTO booking (booking_id, room_id, customer_id, check_in, check_out, phone_no, reference, created_date, created_by) VALUES ('BKG006', 'RM082', 'CUST059', '2024-12-05', '2024-12-13', '9973502080', 'Travel Agent', '2024-12-05', 'reception1');
INSERT INTO booking (booking_id, room_id, customer_id, check_in, check_out, phone_no, reference, created_date, created_by) VALUES ('BKG007', 'RM037', 'CUST035', '2019-05-28', '2019-06-09', '9031207356', 'Walk-in', '2019-05-28', 'staff_dev');
INSERT INTO booking (booking_id, room_id, customer_id, check_in, check_out, phone_no, reference, created_date, created_by) VALUES ('BKG008', 'RM048', 'CUST060', '2025-10-25', '2025-11-07', '9120461872', 'Travel Agent', '2025-10-25', 'hr_neha');
INSERT INTO booking (booking_id, room_id, customer_id, check_in, check_out, phone_no, reference, created_date, created_by) VALUES ('BKG009', 'RM049', 'CUST002', '2019-05-15', '2019-05-28', '+17303718376', 'Taj Loyalty App', '2019-05-15', 'hr_neha');
INSERT INTO booking (booking_id, room_id, customer_id, check_in, check_out, phone_no, reference, created_date, created_by) VALUES ('BKG010', 'RM042', 'CUST021', '2025-01-21', '2025-02-02', '9881474350', 'Concierge Call', '2025-01-21', 'manager_raj');
INSERT INTO booking (booking_id, room_id, customer_id, check_in, check_out, phone_no, reference, created_date, created_by) VALUES ('BKG011', 'RM015', 'CUST031', '2025-02-05', '2025-02-12', '9249163009', 'Concierge Call', '2025-02-05', 'staff_dev');
INSERT INTO booking (booking_id, room_id, customer_id, check_in, check_out, phone_no, reference, created_date, created_by) VALUES ('BKG012', 'RM089', 'CUST077', '2019-09-27', '2019-10-03', '+17195005281', 'Travel Agent', '2019-09-27', 'staff_dev');
INSERT INTO booking (booking_id, room_id, customer_id, check_in, check_out, phone_no, reference, created_date, created_by) VALUES ('BKG013', 'RM030', 'CUST041', '2024-04-06', '2024-04-19', '+17306524077', 'Referral', '2024-04-06', 'hr_neha');
INSERT INTO booking (booking_id, room_id, customer_id, check_in, check_out, phone_no, reference, created_date, created_by) VALUES ('BKG014', 'RM070', 'CUST090', '2023-07-01', '2023-07-05', '+445749821827', 'Walk-in', '2023-07-01', 'hr_neha');
INSERT INTO booking (booking_id, room_id, customer_id, check_in, check_out, phone_no, reference, created_date, created_by) VALUES ('BKG015', 'RM070', 'CUST047', '2023-02-03', '2023-02-04', '+442095935186', 'Travel Agent', '2023-02-03', 'ops_karan');
INSERT INTO booking (booking_id, room_id, customer_id, check_in, check_out, phone_no, reference, created_date, created_by) VALUES ('BKG016', 'RM088', 'CUST064', '2024-03-08', '2024-03-11', '+15118102203', 'Website', '2024-03-08', 'staff_dev');
INSERT INTO booking (booking_id, room_id, customer_id, check_in, check_out, phone_no, reference, created_date, created_by) VALUES ('BKG017', 'RM025', 'CUST013', '2018-05-11', '2018-05-21', '+17899405391', 'Website', '2018-05-11', 'manager_raj');
INSERT INTO booking (booking_id, room_id, customer_id, check_in, check_out, phone_no, reference, created_date, created_by) VALUES ('BKG018', 'RM084', 'CUST063', '2018-11-24', '2018-12-02', '+18650948014', 'Website', '2018-11-24', 'manager_raj');
INSERT INTO booking (booking_id, room_id, customer_id, check_in, check_out, phone_no, reference, created_date, created_by) VALUES ('BKG019', 'RM067', 'CUST013', '2019-02-19', '2019-03-03', '9633839288', 'Corporate Tie-up', '2019-02-19', 'reception1');
INSERT INTO booking (booking_id, room_id, customer_id, check_in, check_out, phone_no, reference, created_date, created_by) VALUES ('BKG020', 'RM099', 'CUST082', '2024-06-19', '2024-06-25', '+446122868528', 'Referral', '2024-06-19', 'staff_dev');
INSERT INTO booking (booking_id, room_id, customer_id, check_in, check_out, phone_no, reference, created_date, created_by) VALUES ('BKG021', 'RM046', 'CUST041', '2024-03-03', '2024-03-09', '+16593983684', 'Walk-in', '2024-03-03', 'staff_dev');
INSERT INTO booking (booking_id, room_id, customer_id, check_in, check_out, phone_no, reference, created_date, created_by) VALUES ('BKG022', 'RM058', 'CUST051', '2018-01-01', '2018-01-13', '9490824043', 'Travel Agent', '2018-01-01', 'concierge_amit');
INSERT INTO booking (booking_id, room_id, customer_id, check_in, check_out, phone_no, reference, created_date, created_by) VALUES ('BKG023', 'RM003', 'CUST099', '2025-09-26', '2025-10-10', '9888992107', 'Walk-in', '2025-09-26', 'frontdesk_priya');
INSERT INTO booking (booking_id, room_id, customer_id, check_in, check_out, phone_no, reference, created_date, created_by) VALUES ('BKG024', 'RM018', 'CUST034', '2022-02-12', '2022-02-22', '9441969315', 'Concierge Call', '2022-02-12', 'staff_dev');
INSERT INTO booking (booking_id, room_id, customer_id, check_in, check_out, phone_no, reference, created_date, created_by) VALUES ('BKG025', 'RM023', 'CUST063', '2025-09-25', '2025-10-07', '+449409610556', 'Corporate Tie-up', '2025-09-25', 'reception1');
INSERT INTO booking (booking_id, room_id, customer_id, check_in, check_out, phone_no, reference, created_date, created_by) VALUES ('BKG026', 'RM099', 'CUST030', '2026-05-21', '2026-06-01', '+446048058925', 'Referral', '2026-05-21', 'manager_raj');
INSERT INTO booking (booking_id, room_id, customer_id, check_in, check_out, phone_no, reference, created_date, created_by) VALUES ('BKG027', 'RM020', 'CUST007', '2025-07-22', '2025-08-03', '+449981364622', 'Walk-in', '2025-07-22', 'reception1');
INSERT INTO booking (booking_id, room_id, customer_id, check_in, check_out, phone_no, reference, created_date, created_by) VALUES ('BKG028', 'RM061', 'CUST074', '2026-05-11', '2026-05-12', '+16862278376', 'Taj Loyalty App', '2026-05-11', 'director_meera');
INSERT INTO booking (booking_id, room_id, customer_id, check_in, check_out, phone_no, reference, created_date, created_by) VALUES ('BKG029', 'RM026', 'CUST072', '2024-11-28', '2024-12-10', '+14659116655', 'Travel Agent', '2024-11-28', 'concierge_amit');
INSERT INTO booking (booking_id, room_id, customer_id, check_in, check_out, phone_no, reference, created_date, created_by) VALUES ('BKG030', 'RM045', 'CUST077', '2025-05-08', '2025-05-09', '+15979270335', 'Travel Agent', '2025-05-08', 'reception1');
INSERT INTO booking (booking_id, room_id, customer_id, check_in, check_out, phone_no, reference, created_date, created_by) VALUES ('BKG031', 'RM015', 'CUST095', '2018-08-12', '2018-08-16', '+444051477053', 'Taj Loyalty App', '2018-08-12', 'ops_karan');
INSERT INTO booking (booking_id, room_id, customer_id, check_in, check_out, phone_no, reference, created_date, created_by) VALUES ('BKG032', 'RM028', 'CUST027', '2024-02-17', '2024-02-26', '+449206980420', 'Walk-in', '2024-02-17', 'manager_raj');
INSERT INTO booking (booking_id, room_id, customer_id, check_in, check_out, phone_no, reference, created_date, created_by) VALUES ('BKG033', 'RM090', 'CUST080', '2021-01-16', '2021-01-17', '9016451046', 'Travel Agent', '2021-01-16', 'supervisor_kavya');
INSERT INTO booking (booking_id, room_id, customer_id, check_in, check_out, phone_no, reference, created_date, created_by) VALUES ('BKG034', 'RM066', 'CUST091', '2019-02-12', '2019-02-18', '9981238780', 'Website', '2019-02-12', 'manager_raj');
INSERT INTO booking (booking_id, room_id, customer_id, check_in, check_out, phone_no, reference, created_date, created_by) VALUES ('BKG035', 'RM068', 'CUST040', '2021-09-28', '2021-10-06', '9205554384', 'Concierge Call', '2021-09-28', 'admin');
INSERT INTO booking (booking_id, room_id, customer_id, check_in, check_out, phone_no, reference, created_date, created_by) VALUES ('BKG036', 'RM081', 'CUST033', '2022-05-05', '2022-05-19', '+444325621689', 'Concierge Call', '2022-05-05', 'manager_raj');
INSERT INTO booking (booking_id, room_id, customer_id, check_in, check_out, phone_no, reference, created_date, created_by) VALUES ('BKG037', 'RM054', 'CUST031', '2024-06-04', '2024-06-07', '9495782329', 'Referral', '2024-06-04', 'manager_raj');
INSERT INTO booking (booking_id, room_id, customer_id, check_in, check_out, phone_no, reference, created_date, created_by) VALUES ('BKG038', 'RM018', 'CUST040', '2025-09-21', '2025-10-03', '+446292518812', 'Walk-in', '2025-09-21', 'frontdesk_priya');
INSERT INTO booking (booking_id, room_id, customer_id, check_in, check_out, phone_no, reference, created_date, created_by) VALUES ('BKG039', 'RM094', 'CUST004', '2021-07-29', '2021-08-05', '+14231220994', 'Referral', '2021-07-29', 'director_meera');
INSERT INTO booking (booking_id, room_id, customer_id, check_in, check_out, phone_no, reference, created_date, created_by) VALUES ('BKG040', 'RM079', 'CUST030', '2024-09-08', '2024-09-12', '9051728975', 'Travel Agent', '2024-09-08', 'supervisor_kavya');
INSERT INTO booking (booking_id, room_id, customer_id, check_in, check_out, phone_no, reference, created_date, created_by) VALUES ('BKG041', 'RM063', 'CUST061', '2019-07-18', '2019-07-21', '9060463331', 'Travel Agent', '2019-07-18', 'staff_dev');
INSERT INTO booking (booking_id, room_id, customer_id, check_in, check_out, phone_no, reference, created_date, created_by) VALUES ('BKG042', 'RM079', 'CUST063', '2025-09-18', '2025-09-24', '+446609656999', 'Referral', '2025-09-18', 'ops_karan');
INSERT INTO booking (booking_id, room_id, customer_id, check_in, check_out, phone_no, reference, created_date, created_by) VALUES ('BKG043', 'RM083', 'CUST091', '2018-06-07', '2018-06-16', '9703886086', 'Referral', '2018-06-07', 'admin');
INSERT INTO booking (booking_id, room_id, customer_id, check_in, check_out, phone_no, reference, created_date, created_by) VALUES ('BKG044', 'RM025', 'CUST038', '2022-12-06', '2022-12-13', '+444726490827', 'Concierge Call', '2022-12-06', 'staff_dev');
INSERT INTO booking (booking_id, room_id, customer_id, check_in, check_out, phone_no, reference, created_date, created_by) VALUES ('BKG045', 'RM012', 'CUST093', '2023-08-13', '2023-08-15', '9982665702', 'Corporate Tie-up', '2023-08-13', 'director_meera');
INSERT INTO booking (booking_id, room_id, customer_id, check_in, check_out, phone_no, reference, created_date, created_by) VALUES ('BKG046', 'RM092', 'CUST026', '2023-02-06', '2023-02-08', '9211175186', 'Taj Loyalty App', '2023-02-06', 'ops_karan');
INSERT INTO booking (booking_id, room_id, customer_id, check_in, check_out, phone_no, reference, created_date, created_by) VALUES ('BKG047', 'RM079', 'CUST021', '2022-04-01', '2022-04-10', '9259222206', 'Walk-in', '2022-04-01', 'hr_neha');
INSERT INTO booking (booking_id, room_id, customer_id, check_in, check_out, phone_no, reference, created_date, created_by) VALUES ('BKG048', 'RM094', 'CUST099', '2023-01-02', '2023-01-07', '+12309407778', 'Concierge Call', '2023-01-02', 'admin');
INSERT INTO booking (booking_id, room_id, customer_id, check_in, check_out, phone_no, reference, created_date, created_by) VALUES ('BKG049', 'RM078', 'CUST064', '2020-09-01', '2020-09-05', '+16719903849', 'Taj Loyalty App', '2020-09-01', 'ops_karan');
INSERT INTO booking (booking_id, room_id, customer_id, check_in, check_out, phone_no, reference, created_date, created_by) VALUES ('BKG050', 'RM027', 'CUST007', '2020-01-28', '2020-01-31', '9502099451', 'Website', '2020-01-28', 'reception1');
INSERT INTO booking (booking_id, room_id, customer_id, check_in, check_out, phone_no, reference, created_date, created_by) VALUES ('BKG051', 'RM054', 'CUST023', '2019-10-23', '2019-11-03', '9998279501', 'Concierge Call', '2019-10-23', 'hr_neha');
INSERT INTO booking (booking_id, room_id, customer_id, check_in, check_out, phone_no, reference, created_date, created_by) VALUES ('BKG052', 'RM042', 'CUST048', '2022-04-02', '2022-04-16', '9681472145', 'Referral', '2022-04-02', 'supervisor_kavya');
INSERT INTO booking (booking_id, room_id, customer_id, check_in, check_out, phone_no, reference, created_date, created_by) VALUES ('BKG053', 'RM068', 'CUST027', '2025-10-21', '2025-10-25', '+18179469548', 'Referral', '2025-10-21', 'director_meera');
INSERT INTO booking (booking_id, room_id, customer_id, check_in, check_out, phone_no, reference, created_date, created_by) VALUES ('BKG054', 'RM046', 'CUST017', '2024-11-21', '2024-12-01', '9772934301', 'Website', '2024-11-21', 'staff_dev');
INSERT INTO booking (booking_id, room_id, customer_id, check_in, check_out, phone_no, reference, created_date, created_by) VALUES ('BKG055', 'RM081', 'CUST016', '2026-04-09', '2026-04-23', '9966055830', 'Taj Loyalty App', '2026-04-09', 'manager_raj');
INSERT INTO booking (booking_id, room_id, customer_id, check_in, check_out, phone_no, reference, created_date, created_by) VALUES ('BKG056', 'RM089', 'CUST037', '2020-11-08', '2020-11-21', '9488501556', 'Taj Loyalty App', '2020-11-08', 'director_meera');
INSERT INTO booking (booking_id, room_id, customer_id, check_in, check_out, phone_no, reference, created_date, created_by) VALUES ('BKG057', 'RM079', 'CUST004', '2019-12-21', '2019-12-25', '9577027278', 'Walk-in', '2019-12-21', 'staff_dev');
INSERT INTO booking (booking_id, room_id, customer_id, check_in, check_out, phone_no, reference, created_date, created_by) VALUES ('BKG058', 'RM053', 'CUST096', '2018-08-18', '2018-09-01', '+445880395512', 'Walk-in', '2018-08-18', 'admin');
INSERT INTO booking (booking_id, room_id, customer_id, check_in, check_out, phone_no, reference, created_date, created_by) VALUES ('BKG059', 'RM044', 'CUST049', '2025-01-10', '2025-01-19', '+446291450461', 'Corporate Tie-up', '2025-01-10', 'manager_raj');
INSERT INTO booking (booking_id, room_id, customer_id, check_in, check_out, phone_no, reference, created_date, created_by) VALUES ('BKG060', 'RM048', 'CUST058', '2021-05-24', '2021-05-28', '+15031780782', 'Travel Agent', '2021-05-24', 'concierge_amit');
INSERT INTO booking (booking_id, room_id, customer_id, check_in, check_out, phone_no, reference, created_date, created_by) VALUES ('BKG061', 'RM062', 'CUST094', '2023-11-15', '2023-11-20', '+11823076810', 'Walk-in', '2023-11-15', 'admin');
INSERT INTO booking (booking_id, room_id, customer_id, check_in, check_out, phone_no, reference, created_date, created_by) VALUES ('BKG062', 'RM088', 'CUST077', '2018-12-23', '2018-12-29', '9018409435', 'Travel Agent', '2018-12-23', 'manager_raj');
INSERT INTO booking (booking_id, room_id, customer_id, check_in, check_out, phone_no, reference, created_date, created_by) VALUES ('BKG063', 'RM037', 'CUST036', '2023-12-21', '2023-12-27', '+444224109881', 'Travel Agent', '2023-12-21', 'ops_karan');
INSERT INTO booking (booking_id, room_id, customer_id, check_in, check_out, phone_no, reference, created_date, created_by) VALUES ('BKG064', 'RM045', 'CUST071', '2021-07-28', '2021-08-02', '9493214958', 'Corporate Tie-up', '2021-07-28', 'admin');
INSERT INTO booking (booking_id, room_id, customer_id, check_in, check_out, phone_no, reference, created_date, created_by) VALUES ('BKG065', 'RM017', 'CUST004', '2023-04-13', '2023-04-24', '9601662997', 'Referral', '2023-04-13', 'concierge_amit');
INSERT INTO booking (booking_id, room_id, customer_id, check_in, check_out, phone_no, reference, created_date, created_by) VALUES ('BKG066', 'RM040', 'CUST043', '2020-03-22', '2020-04-03', '+441792171747', 'Corporate Tie-up', '2020-03-22', 'manager_raj');
INSERT INTO booking (booking_id, room_id, customer_id, check_in, check_out, phone_no, reference, created_date, created_by) VALUES ('BKG067', 'RM029', 'CUST019', '2024-12-01', '2024-12-06', '+15577017157', 'Corporate Tie-up', '2024-12-01', 'frontdesk_priya');
INSERT INTO booking (booking_id, room_id, customer_id, check_in, check_out, phone_no, reference, created_date, created_by) VALUES ('BKG068', 'RM037', 'CUST099', '2021-11-28', '2021-12-08', '+446158148769', 'Corporate Tie-up', '2021-11-28', 'manager_raj');
INSERT INTO booking (booking_id, room_id, customer_id, check_in, check_out, phone_no, reference, created_date, created_by) VALUES ('BKG069', 'RM080', 'CUST032', '2024-02-23', '2024-02-26', '+15396695832', 'Taj Loyalty App', '2024-02-23', 'reception1');
INSERT INTO booking (booking_id, room_id, customer_id, check_in, check_out, phone_no, reference, created_date, created_by) VALUES ('BKG070', 'RM095', 'CUST092', '2024-06-09', '2024-06-23', '9997581724', 'Corporate Tie-up', '2024-06-09', 'reception1');
INSERT INTO booking (booking_id, room_id, customer_id, check_in, check_out, phone_no, reference, created_date, created_by) VALUES ('BKG071', 'RM077', 'CUST014', '2025-09-08', '2025-09-22', '+445701329022', 'Corporate Tie-up', '2025-09-08', 'ops_karan');
INSERT INTO booking (booking_id, room_id, customer_id, check_in, check_out, phone_no, reference, created_date, created_by) VALUES ('BKG072', 'RM038', 'CUST050', '2024-11-26', '2024-12-06', '9354946519', 'Website', '2024-11-26', 'director_meera');
INSERT INTO booking (booking_id, room_id, customer_id, check_in, check_out, phone_no, reference, created_date, created_by) VALUES ('BKG073', 'RM066', 'CUST052', '2019-06-07', '2019-06-21', '9580085140', 'Travel Agent', '2019-06-07', 'supervisor_kavya');
INSERT INTO booking (booking_id, room_id, customer_id, check_in, check_out, phone_no, reference, created_date, created_by) VALUES ('BKG074', 'RM090', 'CUST076', '2022-06-03', '2022-06-14', '9666683272', 'Travel Agent', '2022-06-03', 'ops_karan');
INSERT INTO booking (booking_id, room_id, customer_id, check_in, check_out, phone_no, reference, created_date, created_by) VALUES ('BKG075', 'RM050', 'CUST047', '2022-09-05', '2022-09-08', '9220102762', 'Website', '2022-09-05', 'frontdesk_priya');
INSERT INTO booking (booking_id, room_id, customer_id, check_in, check_out, phone_no, reference, created_date, created_by) VALUES ('BKG076', 'RM083', 'CUST054', '2023-02-11', '2023-02-24', '+449278687653', 'Travel Agent', '2023-02-11', 'supervisor_kavya');
INSERT INTO booking (booking_id, room_id, customer_id, check_in, check_out, phone_no, reference, created_date, created_by) VALUES ('BKG077', 'RM078', 'CUST001', '2024-06-25', '2024-07-03', '+18468950097', 'Taj Loyalty App', '2024-06-25', 'concierge_amit');
INSERT INTO booking (booking_id, room_id, customer_id, check_in, check_out, phone_no, reference, created_date, created_by) VALUES ('BKG078', 'RM015', 'CUST075', '2023-05-27', '2023-06-08', '9847818913', 'Corporate Tie-up', '2023-05-27', 'reception1');
INSERT INTO booking (booking_id, room_id, customer_id, check_in, check_out, phone_no, reference, created_date, created_by) VALUES ('BKG079', 'RM088', 'CUST082', '2024-01-18', '2024-01-31', '+445807787956', 'Walk-in', '2024-01-18', 'hr_neha');
INSERT INTO booking (booking_id, room_id, customer_id, check_in, check_out, phone_no, reference, created_date, created_by) VALUES ('BKG080', 'RM038', 'CUST022', '2018-05-25', '2018-06-06', '+449407929049', 'Website', '2018-05-25', 'hr_neha');
INSERT INTO booking (booking_id, room_id, customer_id, check_in, check_out, phone_no, reference, created_date, created_by) VALUES ('BKG081', 'RM063', 'CUST011', '2019-06-04', '2019-06-13', '9442944401', 'Referral', '2019-06-04', 'frontdesk_priya');
INSERT INTO booking (booking_id, room_id, customer_id, check_in, check_out, phone_no, reference, created_date, created_by) VALUES ('BKG082', 'RM076', 'CUST095', '2019-09-12', '2019-09-23', '9243728051', 'Travel Agent', '2019-09-12', 'director_meera');
INSERT INTO booking (booking_id, room_id, customer_id, check_in, check_out, phone_no, reference, created_date, created_by) VALUES ('BKG083', 'RM020', 'CUST064', '2026-06-11', '2026-06-18', '+17239504102', 'Corporate Tie-up', '2026-06-11', 'supervisor_kavya');
INSERT INTO booking (booking_id, room_id, customer_id, check_in, check_out, phone_no, reference, created_date, created_by) VALUES ('BKG084', 'RM061', 'CUST039', '2023-05-05', '2023-05-17', '+443667428604', 'Concierge Call', '2023-05-05', 'staff_dev');
INSERT INTO booking (booking_id, room_id, customer_id, check_in, check_out, phone_no, reference, created_date, created_by) VALUES ('BKG085', 'RM049', 'CUST087', '2021-07-17', '2021-07-26', '+18569454414', 'Taj Loyalty App', '2021-07-17', 'director_meera');
INSERT INTO booking (booking_id, room_id, customer_id, check_in, check_out, phone_no, reference, created_date, created_by) VALUES ('BKG086', 'RM051', 'CUST060', '2025-07-28', '2025-08-09', '9938525800', 'Concierge Call', '2025-07-28', 'reception1');
INSERT INTO booking (booking_id, room_id, customer_id, check_in, check_out, phone_no, reference, created_date, created_by) VALUES ('BKG087', 'RM002', 'CUST053', '2019-02-05', '2019-02-14', '9753443009', 'Website', '2019-02-05', 'admin');
INSERT INTO booking (booking_id, room_id, customer_id, check_in, check_out, phone_no, reference, created_date, created_by) VALUES ('BKG088', 'RM077', 'CUST085', '2020-06-07', '2020-06-17', '+441192692124', 'Walk-in', '2020-06-07', 'staff_dev');
INSERT INTO booking (booking_id, room_id, customer_id, check_in, check_out, phone_no, reference, created_date, created_by) VALUES ('BKG089', 'RM085', 'CUST010', '2025-03-01', '2025-03-09', '+16542140665', 'Website', '2025-03-01', 'hr_neha');
INSERT INTO booking (booking_id, room_id, customer_id, check_in, check_out, phone_no, reference, created_date, created_by) VALUES ('BKG090', 'RM034', 'CUST023', '2022-12-10', '2022-12-12', '9396271286', 'Travel Agent', '2022-12-10', 'director_meera');
INSERT INTO booking (booking_id, room_id, customer_id, check_in, check_out, phone_no, reference, created_date, created_by) VALUES ('BKG091', 'RM083', 'CUST014', '2022-12-14', '2022-12-26', '9011947072', 'Taj Loyalty App', '2022-12-14', 'admin');
INSERT INTO booking (booking_id, room_id, customer_id, check_in, check_out, phone_no, reference, created_date, created_by) VALUES ('BKG092', 'RM005', 'CUST086', '2022-05-19', '2022-05-24', '9569087766', 'Concierge Call', '2022-05-19', 'reception1');
INSERT INTO booking (booking_id, room_id, customer_id, check_in, check_out, phone_no, reference, created_date, created_by) VALUES ('BKG093', 'RM070', 'CUST029', '2018-01-14', '2018-01-21', '+447198554601', 'Walk-in', '2018-01-14', 'ops_karan');
INSERT INTO booking (booking_id, room_id, customer_id, check_in, check_out, phone_no, reference, created_date, created_by) VALUES ('BKG094', 'RM044', 'CUST011', '2023-02-26', '2023-03-11', '+442806346157', 'Website', '2023-02-26', 'staff_dev');
INSERT INTO booking (booking_id, room_id, customer_id, check_in, check_out, phone_no, reference, created_date, created_by) VALUES ('BKG095', 'RM095', 'CUST025', '2019-07-28', '2019-07-29', '9937618478', 'Concierge Call', '2019-07-28', 'staff_dev');
INSERT INTO booking (booking_id, room_id, customer_id, check_in, check_out, phone_no, reference, created_date, created_by) VALUES ('BKG096', 'RM003', 'CUST005', '2021-10-21', '2021-10-22', '9061387829', 'Travel Agent', '2021-10-21', 'reception1');
INSERT INTO booking (booking_id, room_id, customer_id, check_in, check_out, phone_no, reference, created_date, created_by) VALUES ('BKG097', 'RM005', 'CUST095', '2019-08-03', '2019-08-11', '+19032020417', 'Referral', '2019-08-03', 'frontdesk_priya');
INSERT INTO booking (booking_id, room_id, customer_id, check_in, check_out, phone_no, reference, created_date, created_by) VALUES ('BKG098', 'RM076', 'CUST009', '2019-03-12', '2019-03-14', '9931365651', 'Taj Loyalty App', '2019-03-12', 'director_meera');
INSERT INTO booking (booking_id, room_id, customer_id, check_in, check_out, phone_no, reference, created_date, created_by) VALUES ('BKG099', 'RM070', 'CUST018', '2021-08-10', '2021-08-24', '+10925114262', 'Taj Loyalty App', '2021-08-10', 'concierge_amit');
INSERT INTO booking (booking_id, room_id, customer_id, check_in, check_out, phone_no, reference, created_date, created_by) VALUES ('BKG100', 'RM071', 'CUST022', '2022-12-02', '2022-12-06', '+11962071002', 'Website', '2022-12-02', 'director_meera');

-- ---------------------------------------------------------------------
-- STEP 3.x: INSERT DATA INTO invoice (100 rows)
-- ---------------------------------------------------------------------
INSERT INTO invoice (invoice_id, customer_id, booking_id, discount, gst, created_date, created_by) VALUES ('INV001', 'CUST037', 'BKG054', '20', '18', '2025-10-06', 'frontdesk_priya');
INSERT INTO invoice (invoice_id, customer_id, booking_id, discount, gst, created_date, created_by) VALUES ('INV002', 'CUST027', 'BKG019', '20', '18', '2023-11-13', 'staff_dev');
INSERT INTO invoice (invoice_id, customer_id, booking_id, discount, gst, created_date, created_by) VALUES ('INV003', 'CUST053', 'BKG031', '5', '12', '2024-09-08', 'frontdesk_priya');
INSERT INTO invoice (invoice_id, customer_id, booking_id, discount, gst, created_date, created_by) VALUES ('INV004', 'CUST092', 'BKG064', '15', '12', '2025-01-12', 'hr_neha');
INSERT INTO invoice (invoice_id, customer_id, booking_id, discount, gst, created_date, created_by) VALUES ('INV005', 'CUST045', 'BKG054', '0', '12', '2020-02-26', 'reception1');
INSERT INTO invoice (invoice_id, customer_id, booking_id, discount, gst, created_date, created_by) VALUES ('INV006', 'CUST068', 'BKG013', '15', '18', '2024-01-20', 'ops_karan');
INSERT INTO invoice (invoice_id, customer_id, booking_id, discount, gst, created_date, created_by) VALUES ('INV007', 'CUST029', 'BKG060', '20', '12', '2021-02-06', 'admin');
INSERT INTO invoice (invoice_id, customer_id, booking_id, discount, gst, created_date, created_by) VALUES ('INV008', 'CUST025', 'BKG015', '5', '18', '2023-07-31', 'frontdesk_priya');
INSERT INTO invoice (invoice_id, customer_id, booking_id, discount, gst, created_date, created_by) VALUES ('INV009', 'CUST021', 'BKG086', '0', '12', '2025-03-26', 'concierge_amit');
INSERT INTO invoice (invoice_id, customer_id, booking_id, discount, gst, created_date, created_by) VALUES ('INV010', 'CUST037', 'BKG027', '12', '18', '2021-10-01', 'director_meera');
INSERT INTO invoice (invoice_id, customer_id, booking_id, discount, gst, created_date, created_by) VALUES ('INV011', 'CUST098', 'BKG059', '0', '12', '2026-04-21', 'admin');
INSERT INTO invoice (invoice_id, customer_id, booking_id, discount, gst, created_date, created_by) VALUES ('INV012', 'CUST069', 'BKG023', '5', '12', '2023-06-10', 'ops_karan');
INSERT INTO invoice (invoice_id, customer_id, booking_id, discount, gst, created_date, created_by) VALUES ('INV013', 'CUST015', 'BKG010', '5', '18', '2024-08-24', 'director_meera');
INSERT INTO invoice (invoice_id, customer_id, booking_id, discount, gst, created_date, created_by) VALUES ('INV014', 'CUST042', 'BKG054', '5', '18', '2020-07-31', 'reception1');
INSERT INTO invoice (invoice_id, customer_id, booking_id, discount, gst, created_date, created_by) VALUES ('INV015', 'CUST042', 'BKG030', '0', '12', '2026-04-10', 'supervisor_kavya');
INSERT INTO invoice (invoice_id, customer_id, booking_id, discount, gst, created_date, created_by) VALUES ('INV016', 'CUST026', 'BKG049', '5', '12', '2023-04-14', 'director_meera');
INSERT INTO invoice (invoice_id, customer_id, booking_id, discount, gst, created_date, created_by) VALUES ('INV017', 'CUST063', 'BKG007', '12', '12', '2020-06-04', 'director_meera');
INSERT INTO invoice (invoice_id, customer_id, booking_id, discount, gst, created_date, created_by) VALUES ('INV018', 'CUST059', 'BKG023', '12', '18', '2019-07-13', 'staff_dev');
INSERT INTO invoice (invoice_id, customer_id, booking_id, discount, gst, created_date, created_by) VALUES ('INV019', 'CUST093', 'BKG025', '20', '18', '2021-01-09', 'manager_raj');
INSERT INTO invoice (invoice_id, customer_id, booking_id, discount, gst, created_date, created_by) VALUES ('INV020', 'CUST043', 'BKG017', '0', '12', '2021-02-23', 'frontdesk_priya');
INSERT INTO invoice (invoice_id, customer_id, booking_id, discount, gst, created_date, created_by) VALUES ('INV021', 'CUST015', 'BKG060', '12', '18', '2019-12-03', 'concierge_amit');
INSERT INTO invoice (invoice_id, customer_id, booking_id, discount, gst, created_date, created_by) VALUES ('INV022', 'CUST029', 'BKG038', '15', '12', '2025-02-26', 'director_meera');
INSERT INTO invoice (invoice_id, customer_id, booking_id, discount, gst, created_date, created_by) VALUES ('INV023', 'CUST022', 'BKG074', '15', '12', '2018-12-21', 'supervisor_kavya');
INSERT INTO invoice (invoice_id, customer_id, booking_id, discount, gst, created_date, created_by) VALUES ('INV024', 'CUST067', 'BKG063', '5', '18', '2023-03-11', 'hr_neha');
INSERT INTO invoice (invoice_id, customer_id, booking_id, discount, gst, created_date, created_by) VALUES ('INV025', 'CUST002', 'BKG094', '12', '12', '2020-10-12', 'concierge_amit');
INSERT INTO invoice (invoice_id, customer_id, booking_id, discount, gst, created_date, created_by) VALUES ('INV026', 'CUST056', 'BKG075', '5', '12', '2024-06-07', 'admin');
INSERT INTO invoice (invoice_id, customer_id, booking_id, discount, gst, created_date, created_by) VALUES ('INV027', 'CUST054', 'BKG006', '0', '18', '2026-03-24', 'ops_karan');
INSERT INTO invoice (invoice_id, customer_id, booking_id, discount, gst, created_date, created_by) VALUES ('INV028', 'CUST005', 'BKG055', '15', '18', '2023-05-18', 'reception1');
INSERT INTO invoice (invoice_id, customer_id, booking_id, discount, gst, created_date, created_by) VALUES ('INV029', 'CUST058', 'BKG064', '5', '12', '2024-04-06', 'admin');
INSERT INTO invoice (invoice_id, customer_id, booking_id, discount, gst, created_date, created_by) VALUES ('INV030', 'CUST089', 'BKG094', '12', '12', '2019-06-28', 'concierge_amit');
INSERT INTO invoice (invoice_id, customer_id, booking_id, discount, gst, created_date, created_by) VALUES ('INV031', 'CUST038', 'BKG031', '20', '12', '2018-03-07', 'staff_dev');
INSERT INTO invoice (invoice_id, customer_id, booking_id, discount, gst, created_date, created_by) VALUES ('INV032', 'CUST086', 'BKG040', '5', '18', '2024-05-25', 'director_meera');
INSERT INTO invoice (invoice_id, customer_id, booking_id, discount, gst, created_date, created_by) VALUES ('INV033', 'CUST004', 'BKG059', '12', '12', '2025-11-20', 'supervisor_kavya');
INSERT INTO invoice (invoice_id, customer_id, booking_id, discount, gst, created_date, created_by) VALUES ('INV034', 'CUST024', 'BKG048', '20', '18', '2025-11-23', 'admin');
INSERT INTO invoice (invoice_id, customer_id, booking_id, discount, gst, created_date, created_by) VALUES ('INV035', 'CUST081', 'BKG010', '12', '18', '2023-12-15', 'admin');
INSERT INTO invoice (invoice_id, customer_id, booking_id, discount, gst, created_date, created_by) VALUES ('INV036', 'CUST038', 'BKG055', '10', '12', '2025-09-05', 'reception1');
INSERT INTO invoice (invoice_id, customer_id, booking_id, discount, gst, created_date, created_by) VALUES ('INV037', 'CUST080', 'BKG043', '20', '12', '2023-10-10', 'concierge_amit');
INSERT INTO invoice (invoice_id, customer_id, booking_id, discount, gst, created_date, created_by) VALUES ('INV038', 'CUST007', 'BKG015', '12', '18', '2023-03-22', 'director_meera');
INSERT INTO invoice (invoice_id, customer_id, booking_id, discount, gst, created_date, created_by) VALUES ('INV039', 'CUST006', 'BKG047', '10', '12', '2025-04-08', 'ops_karan');
INSERT INTO invoice (invoice_id, customer_id, booking_id, discount, gst, created_date, created_by) VALUES ('INV040', 'CUST091', 'BKG009', '15', '12', '2019-07-21', 'concierge_amit');
INSERT INTO invoice (invoice_id, customer_id, booking_id, discount, gst, created_date, created_by) VALUES ('INV041', 'CUST031', 'BKG070', '0', '18', '2026-04-09', 'director_meera');
INSERT INTO invoice (invoice_id, customer_id, booking_id, discount, gst, created_date, created_by) VALUES ('INV042', 'CUST090', 'BKG027', '20', '12', '2021-08-05', 'concierge_amit');
INSERT INTO invoice (invoice_id, customer_id, booking_id, discount, gst, created_date, created_by) VALUES ('INV043', 'CUST035', 'BKG065', '20', '18', '2021-02-09', 'admin');
INSERT INTO invoice (invoice_id, customer_id, booking_id, discount, gst, created_date, created_by) VALUES ('INV044', 'CUST009', 'BKG048', '10', '18', '2023-06-15', 'ops_karan');
INSERT INTO invoice (invoice_id, customer_id, booking_id, discount, gst, created_date, created_by) VALUES ('INV045', 'CUST068', 'BKG016', '12', '18', '2023-01-26', 'director_meera');
INSERT INTO invoice (invoice_id, customer_id, booking_id, discount, gst, created_date, created_by) VALUES ('INV046', 'CUST048', 'BKG087', '20', '12', '2020-02-11', 'staff_dev');
INSERT INTO invoice (invoice_id, customer_id, booking_id, discount, gst, created_date, created_by) VALUES ('INV047', 'CUST012', 'BKG011', '12', '12', '2021-03-27', 'reception1');
INSERT INTO invoice (invoice_id, customer_id, booking_id, discount, gst, created_date, created_by) VALUES ('INV048', 'CUST014', 'BKG022', '10', '12', '2025-10-26', 'frontdesk_priya');
INSERT INTO invoice (invoice_id, customer_id, booking_id, discount, gst, created_date, created_by) VALUES ('INV049', 'CUST064', 'BKG020', '5', '12', '2021-04-15', 'supervisor_kavya');
INSERT INTO invoice (invoice_id, customer_id, booking_id, discount, gst, created_date, created_by) VALUES ('INV050', 'CUST088', 'BKG070', '5', '18', '2021-11-21', 'supervisor_kavya');
INSERT INTO invoice (invoice_id, customer_id, booking_id, discount, gst, created_date, created_by) VALUES ('INV051', 'CUST057', 'BKG095', '20', '12', '2021-04-09', 'manager_raj');
INSERT INTO invoice (invoice_id, customer_id, booking_id, discount, gst, created_date, created_by) VALUES ('INV052', 'CUST009', 'BKG003', '5', '18', '2022-08-14', 'director_meera');
INSERT INTO invoice (invoice_id, customer_id, booking_id, discount, gst, created_date, created_by) VALUES ('INV053', 'CUST044', 'BKG084', '20', '18', '2023-06-15', 'director_meera');
INSERT INTO invoice (invoice_id, customer_id, booking_id, discount, gst, created_date, created_by) VALUES ('INV054', 'CUST086', 'BKG090', '15', '18', '2023-02-19', 'hr_neha');
INSERT INTO invoice (invoice_id, customer_id, booking_id, discount, gst, created_date, created_by) VALUES ('INV055', 'CUST073', 'BKG017', '10', '12', '2020-11-30', 'manager_raj');
INSERT INTO invoice (invoice_id, customer_id, booking_id, discount, gst, created_date, created_by) VALUES ('INV056', 'CUST062', 'BKG048', '10', '12', '2019-08-31', 'concierge_amit');
INSERT INTO invoice (invoice_id, customer_id, booking_id, discount, gst, created_date, created_by) VALUES ('INV057', 'CUST037', 'BKG059', '5', '12', '2025-12-25', 'ops_karan');
INSERT INTO invoice (invoice_id, customer_id, booking_id, discount, gst, created_date, created_by) VALUES ('INV058', 'CUST037', 'BKG024', '5', '12', '2019-10-23', 'manager_raj');
INSERT INTO invoice (invoice_id, customer_id, booking_id, discount, gst, created_date, created_by) VALUES ('INV059', 'CUST015', 'BKG006', '10', '12', '2022-12-11', 'hr_neha');
INSERT INTO invoice (invoice_id, customer_id, booking_id, discount, gst, created_date, created_by) VALUES ('INV060', 'CUST048', 'BKG024', '5', '12', '2025-06-19', 'concierge_amit');
INSERT INTO invoice (invoice_id, customer_id, booking_id, discount, gst, created_date, created_by) VALUES ('INV061', 'CUST045', 'BKG019', '10', '18', '2024-01-21', 'frontdesk_priya');
INSERT INTO invoice (invoice_id, customer_id, booking_id, discount, gst, created_date, created_by) VALUES ('INV062', 'CUST069', 'BKG039', '0', '12', '2022-07-16', 'staff_dev');
INSERT INTO invoice (invoice_id, customer_id, booking_id, discount, gst, created_date, created_by) VALUES ('INV063', 'CUST099', 'BKG019', '12', '18', '2019-10-02', 'admin');
INSERT INTO invoice (invoice_id, customer_id, booking_id, discount, gst, created_date, created_by) VALUES ('INV064', 'CUST095', 'BKG070', '15', '18', '2025-04-05', 'hr_neha');
INSERT INTO invoice (invoice_id, customer_id, booking_id, discount, gst, created_date, created_by) VALUES ('INV065', 'CUST061', 'BKG038', '15', '12', '2024-05-04', 'staff_dev');
INSERT INTO invoice (invoice_id, customer_id, booking_id, discount, gst, created_date, created_by) VALUES ('INV066', 'CUST044', 'BKG089', '0', '18', '2018-06-14', 'frontdesk_priya');
INSERT INTO invoice (invoice_id, customer_id, booking_id, discount, gst, created_date, created_by) VALUES ('INV067', 'CUST087', 'BKG071', '0', '18', '2018-04-12', 'supervisor_kavya');
INSERT INTO invoice (invoice_id, customer_id, booking_id, discount, gst, created_date, created_by) VALUES ('INV068', 'CUST080', 'BKG029', '12', '18', '2019-01-14', 'concierge_amit');
INSERT INTO invoice (invoice_id, customer_id, booking_id, discount, gst, created_date, created_by) VALUES ('INV069', 'CUST008', 'BKG078', '20', '12', '2024-07-17', 'ops_karan');
INSERT INTO invoice (invoice_id, customer_id, booking_id, discount, gst, created_date, created_by) VALUES ('INV070', 'CUST029', 'BKG099', '10', '12', '2018-04-03', 'reception1');
INSERT INTO invoice (invoice_id, customer_id, booking_id, discount, gst, created_date, created_by) VALUES ('INV071', 'CUST069', 'BKG058', '20', '12', '2023-09-28', 'supervisor_kavya');
INSERT INTO invoice (invoice_id, customer_id, booking_id, discount, gst, created_date, created_by) VALUES ('INV072', 'CUST025', 'BKG063', '10', '12', '2025-06-24', 'concierge_amit');
INSERT INTO invoice (invoice_id, customer_id, booking_id, discount, gst, created_date, created_by) VALUES ('INV073', 'CUST051', 'BKG019', '20', '18', '2022-02-23', 'supervisor_kavya');
INSERT INTO invoice (invoice_id, customer_id, booking_id, discount, gst, created_date, created_by) VALUES ('INV074', 'CUST048', 'BKG002', '10', '18', '2021-12-10', 'hr_neha');
INSERT INTO invoice (invoice_id, customer_id, booking_id, discount, gst, created_date, created_by) VALUES ('INV075', 'CUST058', 'BKG072', '0', '12', '2026-03-01', 'staff_dev');
INSERT INTO invoice (invoice_id, customer_id, booking_id, discount, gst, created_date, created_by) VALUES ('INV076', 'CUST095', 'BKG054', '12', '18', '2019-11-02', 'supervisor_kavya');
INSERT INTO invoice (invoice_id, customer_id, booking_id, discount, gst, created_date, created_by) VALUES ('INV077', 'CUST094', 'BKG054', '5', '12', '2019-08-12', 'manager_raj');
INSERT INTO invoice (invoice_id, customer_id, booking_id, discount, gst, created_date, created_by) VALUES ('INV078', 'CUST039', 'BKG061', '15', '18', '2018-09-28', 'director_meera');
INSERT INTO invoice (invoice_id, customer_id, booking_id, discount, gst, created_date, created_by) VALUES ('INV079', 'CUST097', 'BKG049', '0', '12', '2022-08-05', 'hr_neha');
INSERT INTO invoice (invoice_id, customer_id, booking_id, discount, gst, created_date, created_by) VALUES ('INV080', 'CUST054', 'BKG023', '15', '18', '2025-12-19', 'director_meera');
INSERT INTO invoice (invoice_id, customer_id, booking_id, discount, gst, created_date, created_by) VALUES ('INV081', 'CUST097', 'BKG018', '5', '12', '2022-04-13', 'hr_neha');
INSERT INTO invoice (invoice_id, customer_id, booking_id, discount, gst, created_date, created_by) VALUES ('INV082', 'CUST071', 'BKG063', '0', '18', '2024-07-25', 'hr_neha');
INSERT INTO invoice (invoice_id, customer_id, booking_id, discount, gst, created_date, created_by) VALUES ('INV083', 'CUST064', 'BKG072', '20', '18', '2020-07-08', 'admin');
INSERT INTO invoice (invoice_id, customer_id, booking_id, discount, gst, created_date, created_by) VALUES ('INV084', 'CUST001', 'BKG020', '10', '18', '2025-03-08', 'staff_dev');
INSERT INTO invoice (invoice_id, customer_id, booking_id, discount, gst, created_date, created_by) VALUES ('INV085', 'CUST016', 'BKG084', '20', '18', '2022-09-05', 'frontdesk_priya');
INSERT INTO invoice (invoice_id, customer_id, booking_id, discount, gst, created_date, created_by) VALUES ('INV086', 'CUST063', 'BKG089', '20', '12', '2018-04-27', 'reception1');
INSERT INTO invoice (invoice_id, customer_id, booking_id, discount, gst, created_date, created_by) VALUES ('INV087', 'CUST098', 'BKG036', '12', '12', '2024-09-19', 'concierge_amit');
INSERT INTO invoice (invoice_id, customer_id, booking_id, discount, gst, created_date, created_by) VALUES ('INV088', 'CUST075', 'BKG062', '15', '18', '2020-11-22', 'staff_dev');
INSERT INTO invoice (invoice_id, customer_id, booking_id, discount, gst, created_date, created_by) VALUES ('INV089', 'CUST089', 'BKG016', '10', '12', '2020-11-29', 'frontdesk_priya');
INSERT INTO invoice (invoice_id, customer_id, booking_id, discount, gst, created_date, created_by) VALUES ('INV090', 'CUST075', 'BKG008', '5', '18', '2023-03-04', 'frontdesk_priya');
INSERT INTO invoice (invoice_id, customer_id, booking_id, discount, gst, created_date, created_by) VALUES ('INV091', 'CUST046', 'BKG021', '0', '18', '2022-01-19', 'supervisor_kavya');
INSERT INTO invoice (invoice_id, customer_id, booking_id, discount, gst, created_date, created_by) VALUES ('INV092', 'CUST082', 'BKG046', '0', '18', '2021-04-09', 'ops_karan');
INSERT INTO invoice (invoice_id, customer_id, booking_id, discount, gst, created_date, created_by) VALUES ('INV093', 'CUST082', 'BKG010', '15', '12', '2025-01-16', 'frontdesk_priya');
INSERT INTO invoice (invoice_id, customer_id, booking_id, discount, gst, created_date, created_by) VALUES ('INV094', 'CUST098', 'BKG013', '15', '12', '2024-02-06', 'concierge_amit');
INSERT INTO invoice (invoice_id, customer_id, booking_id, discount, gst, created_date, created_by) VALUES ('INV095', 'CUST041', 'BKG088', '10', '18', '2025-09-08', 'concierge_amit');
INSERT INTO invoice (invoice_id, customer_id, booking_id, discount, gst, created_date, created_by) VALUES ('INV096', 'CUST013', 'BKG069', '15', '18', '2019-08-12', 'admin');
INSERT INTO invoice (invoice_id, customer_id, booking_id, discount, gst, created_date, created_by) VALUES ('INV097', 'CUST018', 'BKG067', '10', '18', '2023-06-10', 'supervisor_kavya');
INSERT INTO invoice (invoice_id, customer_id, booking_id, discount, gst, created_date, created_by) VALUES ('INV098', 'CUST044', 'BKG021', '0', '12', '2019-09-26', 'ops_karan');
INSERT INTO invoice (invoice_id, customer_id, booking_id, discount, gst, created_date, created_by) VALUES ('INV099', 'CUST029', 'BKG025', '15', '12', '2022-09-06', 'staff_dev');
INSERT INTO invoice (invoice_id, customer_id, booking_id, discount, gst, created_date, created_by) VALUES ('INV100', 'CUST010', 'BKG015', '5', '12', '2023-05-19', 'concierge_amit');

-- ---------------------------------------------------------------------
-- STEP 3.x: INSERT DATA INTO payment (100 rows)
-- ---------------------------------------------------------------------
INSERT INTO payment (payment_id, invoice_id, payment_date, total_amt, paid_date, created_date, created_by) VALUES ('PAY001', 'INV040', '2025-10-01', '150000', '2025-10-02', '2025-10-01', 'staff_dev');
INSERT INTO payment (payment_id, invoice_id, payment_date, total_amt, paid_date, created_date, created_by) VALUES ('PAY002', 'INV077', '2023-11-13', '150000', '2023-11-14', '2023-11-13', 'hr_neha');
INSERT INTO payment (payment_id, invoice_id, payment_date, total_amt, paid_date, created_date, created_by) VALUES ('PAY003', 'INV004', '2026-05-08', '45000', '2026-05-09', '2026-05-08', 'frontdesk_priya');
INSERT INTO payment (payment_id, invoice_id, payment_date, total_amt, paid_date, created_date, created_by) VALUES ('PAY004', 'INV089', '2019-08-07', '1200000', '2019-08-08', '2019-08-07', 'hr_neha');
INSERT INTO payment (payment_id, invoice_id, payment_date, total_amt, paid_date, created_date, created_by) VALUES ('PAY005', 'INV017', '2020-05-09', '68000', '2020-05-09', '2020-05-09', 'supervisor_kavya');
INSERT INTO payment (payment_id, invoice_id, payment_date, total_amt, paid_date, created_date, created_by) VALUES ('PAY006', 'INV089', '2019-04-03', '45000', '2019-04-03', '2019-04-03', 'staff_dev');
INSERT INTO payment (payment_id, invoice_id, payment_date, total_amt, paid_date, created_date, created_by) VALUES ('PAY007', 'INV097', '2022-11-02', '25000', '2022-11-03', '2022-11-02', 'reception1');
INSERT INTO payment (payment_id, invoice_id, payment_date, total_amt, paid_date, created_date, created_by) VALUES ('PAY008', 'INV005', '2025-05-26', '350000', '2025-05-26', '2025-05-26', 'staff_dev');
INSERT INTO payment (payment_id, invoice_id, payment_date, total_amt, paid_date, created_date, created_by) VALUES ('PAY009', 'INV016', '2020-11-02', '25000', '2020-11-02', '2020-11-02', 'hr_neha');
INSERT INTO payment (payment_id, invoice_id, payment_date, total_amt, paid_date, created_date, created_by) VALUES ('PAY010', 'INV086', '2018-02-12', '45000', '2018-02-12', '2018-02-12', 'director_meera');
INSERT INTO payment (payment_id, invoice_id, payment_date, total_amt, paid_date, created_date, created_by) VALUES ('PAY011', 'INV027', '2024-08-03', '95000', '2024-08-04', '2024-08-03', 'concierge_amit');
INSERT INTO payment (payment_id, invoice_id, payment_date, total_amt, paid_date, created_date, created_by) VALUES ('PAY012', 'INV004', '2019-01-07', '68000', '2019-01-09', '2019-01-07', 'director_meera');
INSERT INTO payment (payment_id, invoice_id, payment_date, total_amt, paid_date, created_date, created_by) VALUES ('PAY013', 'INV045', '2021-12-13', '68000', '2021-12-14', '2021-12-13', 'ops_karan');
INSERT INTO payment (payment_id, invoice_id, payment_date, total_amt, paid_date, created_date, created_by) VALUES ('PAY014', 'INV073', '2018-10-07', '45000', '2018-10-07', '2018-10-07', 'ops_karan');
INSERT INTO payment (payment_id, invoice_id, payment_date, total_amt, paid_date, created_date, created_by) VALUES ('PAY015', 'INV028', '2026-01-10', '95000', '2026-01-12', '2026-01-10', 'frontdesk_priya');
INSERT INTO payment (payment_id, invoice_id, payment_date, total_amt, paid_date, created_date, created_by) VALUES ('PAY016', 'INV097', '2024-01-10', '25000', '2024-01-10', '2024-01-10', 'manager_raj');
INSERT INTO payment (payment_id, invoice_id, payment_date, total_amt, paid_date, created_date, created_by) VALUES ('PAY017', 'INV065', '2025-12-08', '280000', '2025-12-10', '2025-12-08', 'director_meera');
INSERT INTO payment (payment_id, invoice_id, payment_date, total_amt, paid_date, created_date, created_by) VALUES ('PAY018', 'INV024', '2022-12-06', '750000', '2022-12-06', '2022-12-06', 'frontdesk_priya');
INSERT INTO payment (payment_id, invoice_id, payment_date, total_amt, paid_date, created_date, created_by) VALUES ('PAY019', 'INV046', '2022-04-04', '210000', '2022-04-05', '2022-04-04', 'ops_karan');
INSERT INTO payment (payment_id, invoice_id, payment_date, total_amt, paid_date, created_date, created_by) VALUES ('PAY020', 'INV030', '2022-07-28', '45000', '2022-07-30', '2022-07-28', 'reception1');
INSERT INTO payment (payment_id, invoice_id, payment_date, total_amt, paid_date, created_date, created_by) VALUES ('PAY021', 'INV060', '2019-03-28', '350000', '2019-03-29', '2019-03-28', 'staff_dev');
INSERT INTO payment (payment_id, invoice_id, payment_date, total_amt, paid_date, created_date, created_by) VALUES ('PAY022', 'INV098', '2022-01-19', '1200000', '2022-01-21', '2022-01-19', 'ops_karan');
INSERT INTO payment (payment_id, invoice_id, payment_date, total_amt, paid_date, created_date, created_by) VALUES ('PAY023', 'INV093', '2018-06-16', '45000', '2018-06-18', '2018-06-16', 'staff_dev');
INSERT INTO payment (payment_id, invoice_id, payment_date, total_amt, paid_date, created_date, created_by) VALUES ('PAY024', 'INV015', '2022-04-26', '120000', '2022-04-29', '2022-04-26', 'director_meera');
INSERT INTO payment (payment_id, invoice_id, payment_date, total_amt, paid_date, created_date, created_by) VALUES ('PAY025', 'INV095', '2021-07-01', '750000', '2021-07-04', '2021-07-01', 'manager_raj');
INSERT INTO payment (payment_id, invoice_id, payment_date, total_amt, paid_date, created_date, created_by) VALUES ('PAY026', 'INV071', '2022-07-27', '120000', '2022-07-30', '2022-07-27', 'manager_raj');
INSERT INTO payment (payment_id, invoice_id, payment_date, total_amt, paid_date, created_date, created_by) VALUES ('PAY027', 'INV009', '2023-05-03', '750000', '2023-05-05', '2023-05-03', 'frontdesk_priya');
INSERT INTO payment (payment_id, invoice_id, payment_date, total_amt, paid_date, created_date, created_by) VALUES ('PAY028', 'INV002', '2025-07-24', '280000', '2025-07-24', '2025-07-24', 'supervisor_kavya');
INSERT INTO payment (payment_id, invoice_id, payment_date, total_amt, paid_date, created_date, created_by) VALUES ('PAY029', 'INV057', '2023-11-11', '750000', '2023-11-11', '2023-11-11', 'reception1');
INSERT INTO payment (payment_id, invoice_id, payment_date, total_amt, paid_date, created_date, created_by) VALUES ('PAY030', 'INV019', '2022-06-06', '210000', '2022-06-06', '2022-06-06', 'frontdesk_priya');
INSERT INTO payment (payment_id, invoice_id, payment_date, total_amt, paid_date, created_date, created_by) VALUES ('PAY031', 'INV009', '2022-01-29', '95000', '2022-01-31', '2022-01-29', 'manager_raj');
INSERT INTO payment (payment_id, invoice_id, payment_date, total_amt, paid_date, created_date, created_by) VALUES ('PAY032', 'INV077', '2022-07-14', '45000', '2022-07-15', '2022-07-14', 'supervisor_kavya');
INSERT INTO payment (payment_id, invoice_id, payment_date, total_amt, paid_date, created_date, created_by) VALUES ('PAY033', 'INV093', '2023-08-07', '120000', '2023-08-09', '2023-08-07', 'supervisor_kavya');
INSERT INTO payment (payment_id, invoice_id, payment_date, total_amt, paid_date, created_date, created_by) VALUES ('PAY034', 'INV046', '2023-05-03', '750000', '2023-05-06', '2023-05-03', 'staff_dev');
INSERT INTO payment (payment_id, invoice_id, payment_date, total_amt, paid_date, created_date, created_by) VALUES ('PAY035', 'INV066', '2021-02-16', '68000', '2021-02-19', '2021-02-16', 'reception1');
INSERT INTO payment (payment_id, invoice_id, payment_date, total_amt, paid_date, created_date, created_by) VALUES ('PAY036', 'INV016', '2020-10-23', '280000', '2020-10-26', '2020-10-23', 'manager_raj');
INSERT INTO payment (payment_id, invoice_id, payment_date, total_amt, paid_date, created_date, created_by) VALUES ('PAY037', 'INV081', '2019-07-06', '25000', '2019-07-06', '2019-07-06', 'admin');
INSERT INTO payment (payment_id, invoice_id, payment_date, total_amt, paid_date, created_date, created_by) VALUES ('PAY038', 'INV009', '2023-08-03', '750000', '2023-08-03', '2023-08-03', 'frontdesk_priya');
INSERT INTO payment (payment_id, invoice_id, payment_date, total_amt, paid_date, created_date, created_by) VALUES ('PAY039', 'INV049', '2024-10-12', '750000', '2024-10-14', '2024-10-12', 'frontdesk_priya');
INSERT INTO payment (payment_id, invoice_id, payment_date, total_amt, paid_date, created_date, created_by) VALUES ('PAY040', 'INV039', '2024-12-22', '500000', '2024-12-22', '2024-12-22', 'reception1');
INSERT INTO payment (payment_id, invoice_id, payment_date, total_amt, paid_date, created_date, created_by) VALUES ('PAY041', 'INV085', '2026-06-06', '350000', '2026-06-09', '2026-06-06', 'staff_dev');
INSERT INTO payment (payment_id, invoice_id, payment_date, total_amt, paid_date, created_date, created_by) VALUES ('PAY042', 'INV026', '2021-04-17', '750000', '2021-04-20', '2021-04-17', 'staff_dev');
INSERT INTO payment (payment_id, invoice_id, payment_date, total_amt, paid_date, created_date, created_by) VALUES ('PAY043', 'INV065', '2020-12-07', '350000', '2020-12-09', '2020-12-07', 'ops_karan');
INSERT INTO payment (payment_id, invoice_id, payment_date, total_amt, paid_date, created_date, created_by) VALUES ('PAY044', 'INV070', '2018-03-14', '25000', '2018-03-17', '2018-03-14', 'reception1');
INSERT INTO payment (payment_id, invoice_id, payment_date, total_amt, paid_date, created_date, created_by) VALUES ('PAY045', 'INV050', '2023-01-18', '150000', '2023-01-21', '2023-01-18', 'staff_dev');
INSERT INTO payment (payment_id, invoice_id, payment_date, total_amt, paid_date, created_date, created_by) VALUES ('PAY046', 'INV059', '2018-05-28', '25000', '2018-05-29', '2018-05-28', 'ops_karan');
INSERT INTO payment (payment_id, invoice_id, payment_date, total_amt, paid_date, created_date, created_by) VALUES ('PAY047', 'INV085', '2021-05-26', '1200000', '2021-05-27', '2021-05-26', 'staff_dev');
INSERT INTO payment (payment_id, invoice_id, payment_date, total_amt, paid_date, created_date, created_by) VALUES ('PAY048', 'INV056', '2019-07-05', '120000', '2019-07-08', '2019-07-05', 'staff_dev');
INSERT INTO payment (payment_id, invoice_id, payment_date, total_amt, paid_date, created_date, created_by) VALUES ('PAY049', 'INV098', '2019-03-25', '500000', '2019-03-28', '2019-03-25', 'ops_karan');
INSERT INTO payment (payment_id, invoice_id, payment_date, total_amt, paid_date, created_date, created_by) VALUES ('PAY050', 'INV088', '2024-01-19', '500000', '2024-01-22', '2024-01-19', 'staff_dev');
INSERT INTO payment (payment_id, invoice_id, payment_date, total_amt, paid_date, created_date, created_by) VALUES ('PAY051', 'INV072', '2019-10-03', '350000', '2019-10-03', '2019-10-03', 'supervisor_kavya');
INSERT INTO payment (payment_id, invoice_id, payment_date, total_amt, paid_date, created_date, created_by) VALUES ('PAY052', 'INV034', '2023-07-20', '500000', '2023-07-23', '2023-07-20', 'director_meera');
INSERT INTO payment (payment_id, invoice_id, payment_date, total_amt, paid_date, created_date, created_by) VALUES ('PAY053', 'INV087', '2021-12-15', '120000', '2021-12-17', '2021-12-15', 'admin');
INSERT INTO payment (payment_id, invoice_id, payment_date, total_amt, paid_date, created_date, created_by) VALUES ('PAY054', 'INV004', '2024-08-15', '25000', '2024-08-16', '2024-08-15', 'concierge_amit');
INSERT INTO payment (payment_id, invoice_id, payment_date, total_amt, paid_date, created_date, created_by) VALUES ('PAY055', 'INV045', '2026-04-28', '500000', '2026-04-28', '2026-04-28', 'concierge_amit');
INSERT INTO payment (payment_id, invoice_id, payment_date, total_amt, paid_date, created_date, created_by) VALUES ('PAY056', 'INV049', '2019-02-03', '210000', '2019-02-05', '2019-02-03', 'concierge_amit');
INSERT INTO payment (payment_id, invoice_id, payment_date, total_amt, paid_date, created_date, created_by) VALUES ('PAY057', 'INV053', '2021-12-09', '25000', '2021-12-10', '2021-12-09', 'manager_raj');
INSERT INTO payment (payment_id, invoice_id, payment_date, total_amt, paid_date, created_date, created_by) VALUES ('PAY058', 'INV031', '2025-04-08', '120000', '2025-04-08', '2025-04-08', 'reception1');
INSERT INTO payment (payment_id, invoice_id, payment_date, total_amt, paid_date, created_date, created_by) VALUES ('PAY059', 'INV040', '2019-04-14', '150000', '2019-04-15', '2019-04-14', 'admin');
INSERT INTO payment (payment_id, invoice_id, payment_date, total_amt, paid_date, created_date, created_by) VALUES ('PAY060', 'INV069', '2021-08-28', '25000', '2021-08-31', '2021-08-28', 'supervisor_kavya');
INSERT INTO payment (payment_id, invoice_id, payment_date, total_amt, paid_date, created_date, created_by) VALUES ('PAY061', 'INV073', '2023-10-10', '210000', '2023-10-12', '2023-10-10', 'admin');
INSERT INTO payment (payment_id, invoice_id, payment_date, total_amt, paid_date, created_date, created_by) VALUES ('PAY062', 'INV090', '2023-04-08', '500000', '2023-04-08', '2023-04-08', 'concierge_amit');
INSERT INTO payment (payment_id, invoice_id, payment_date, total_amt, paid_date, created_date, created_by) VALUES ('PAY063', 'INV049', '2024-05-25', '210000', '2024-05-27', '2024-05-25', 'director_meera');
INSERT INTO payment (payment_id, invoice_id, payment_date, total_amt, paid_date, created_date, created_by) VALUES ('PAY064', 'INV013', '2023-06-24', '45000', '2023-06-25', '2023-06-24', 'concierge_amit');
INSERT INTO payment (payment_id, invoice_id, payment_date, total_amt, paid_date, created_date, created_by) VALUES ('PAY065', 'INV064', '2023-08-22', '750000', '2023-08-24', '2023-08-22', 'frontdesk_priya');
INSERT INTO payment (payment_id, invoice_id, payment_date, total_amt, paid_date, created_date, created_by) VALUES ('PAY066', 'INV079', '2021-05-11', '150000', '2021-05-14', '2021-05-11', 'manager_raj');
INSERT INTO payment (payment_id, invoice_id, payment_date, total_amt, paid_date, created_date, created_by) VALUES ('PAY067', 'INV064', '2025-02-15', '45000', '2025-02-16', '2025-02-15', 'hr_neha');
INSERT INTO payment (payment_id, invoice_id, payment_date, total_amt, paid_date, created_date, created_by) VALUES ('PAY068', 'INV034', '2018-07-14', '120000', '2018-07-17', '2018-07-14', 'manager_raj');
INSERT INTO payment (payment_id, invoice_id, payment_date, total_amt, paid_date, created_date, created_by) VALUES ('PAY069', 'INV080', '2026-05-01', '45000', '2026-05-01', '2026-05-01', 'director_meera');
INSERT INTO payment (payment_id, invoice_id, payment_date, total_amt, paid_date, created_date, created_by) VALUES ('PAY070', 'INV044', '2021-01-24', '45000', '2021-01-27', '2021-01-24', 'supervisor_kavya');
INSERT INTO payment (payment_id, invoice_id, payment_date, total_amt, paid_date, created_date, created_by) VALUES ('PAY071', 'INV027', '2021-11-23', '45000', '2021-11-25', '2021-11-23', 'ops_karan');
INSERT INTO payment (payment_id, invoice_id, payment_date, total_amt, paid_date, created_date, created_by) VALUES ('PAY072', 'INV039', '2022-11-09', '750000', '2022-11-11', '2022-11-09', 'manager_raj');
INSERT INTO payment (payment_id, invoice_id, payment_date, total_amt, paid_date, created_date, created_by) VALUES ('PAY073', 'INV054', '2022-07-06', '120000', '2022-07-09', '2022-07-06', 'ops_karan');
INSERT INTO payment (payment_id, invoice_id, payment_date, total_amt, paid_date, created_date, created_by) VALUES ('PAY074', 'INV024', '2018-03-18', '750000', '2018-03-19', '2018-03-18', 'director_meera');
INSERT INTO payment (payment_id, invoice_id, payment_date, total_amt, paid_date, created_date, created_by) VALUES ('PAY075', 'INV064', '2020-05-22', '750000', '2020-05-25', '2020-05-22', 'hr_neha');
INSERT INTO payment (payment_id, invoice_id, payment_date, total_amt, paid_date, created_date, created_by) VALUES ('PAY076', 'INV082', '2023-12-23', '500000', '2023-12-26', '2023-12-23', 'director_meera');
INSERT INTO payment (payment_id, invoice_id, payment_date, total_amt, paid_date, created_date, created_by) VALUES ('PAY077', 'INV094', '2025-01-11', '25000', '2025-01-12', '2025-01-11', 'concierge_amit');
INSERT INTO payment (payment_id, invoice_id, payment_date, total_amt, paid_date, created_date, created_by) VALUES ('PAY078', 'INV060', '2019-08-29', '95000', '2019-08-30', '2019-08-29', 'hr_neha');
INSERT INTO payment (payment_id, invoice_id, payment_date, total_amt, paid_date, created_date, created_by) VALUES ('PAY079', 'INV056', '2022-08-08', '150000', '2022-08-08', '2022-08-08', 'manager_raj');
INSERT INTO payment (payment_id, invoice_id, payment_date, total_amt, paid_date, created_date, created_by) VALUES ('PAY080', 'INV053', '2020-12-29', '120000', '2020-12-30', '2020-12-29', 'hr_neha');
INSERT INTO payment (payment_id, invoice_id, payment_date, total_amt, paid_date, created_date, created_by) VALUES ('PAY081', 'INV088', '2024-09-28', '95000', '2024-10-01', '2024-09-28', 'manager_raj');
INSERT INTO payment (payment_id, invoice_id, payment_date, total_amt, paid_date, created_date, created_by) VALUES ('PAY082', 'INV015', '2019-09-07', '95000', '2019-09-07', '2019-09-07', 'manager_raj');
INSERT INTO payment (payment_id, invoice_id, payment_date, total_amt, paid_date, created_date, created_by) VALUES ('PAY083', 'INV040', '2023-03-17', '280000', '2023-03-20', '2023-03-17', 'supervisor_kavya');
INSERT INTO payment (payment_id, invoice_id, payment_date, total_amt, paid_date, created_date, created_by) VALUES ('PAY084', 'INV083', '2018-06-01', '95000', '2018-06-02', '2018-06-01', 'hr_neha');
INSERT INTO payment (payment_id, invoice_id, payment_date, total_amt, paid_date, created_date, created_by) VALUES ('PAY085', 'INV018', '2018-04-30', '120000', '2018-05-02', '2018-04-30', 'ops_karan');
INSERT INTO payment (payment_id, invoice_id, payment_date, total_amt, paid_date, created_date, created_by) VALUES ('PAY086', 'INV023', '2025-03-24', '25000', '2025-03-27', '2025-03-24', 'admin');
INSERT INTO payment (payment_id, invoice_id, payment_date, total_amt, paid_date, created_date, created_by) VALUES ('PAY087', 'INV008', '2018-12-10', '150000', '2018-12-12', '2018-12-10', 'reception1');
INSERT INTO payment (payment_id, invoice_id, payment_date, total_amt, paid_date, created_date, created_by) VALUES ('PAY088', 'INV053', '2022-01-28', '750000', '2022-01-28', '2022-01-28', 'supervisor_kavya');
INSERT INTO payment (payment_id, invoice_id, payment_date, total_amt, paid_date, created_date, created_by) VALUES ('PAY089', 'INV093', '2019-07-30', '95000', '2019-07-30', '2019-07-30', 'director_meera');
INSERT INTO payment (payment_id, invoice_id, payment_date, total_amt, paid_date, created_date, created_by) VALUES ('PAY090', 'INV095', '2023-08-12', '45000', '2023-08-14', '2023-08-12', 'staff_dev');
INSERT INTO payment (payment_id, invoice_id, payment_date, total_amt, paid_date, created_date, created_by) VALUES ('PAY091', 'INV012', '2020-09-02', '500000', '2020-09-02', '2020-09-02', 'concierge_amit');
INSERT INTO payment (payment_id, invoice_id, payment_date, total_amt, paid_date, created_date, created_by) VALUES ('PAY092', 'INV043', '2024-07-21', '1200000', '2024-07-24', '2024-07-21', 'manager_raj');
INSERT INTO payment (payment_id, invoice_id, payment_date, total_amt, paid_date, created_date, created_by) VALUES ('PAY093', 'INV055', '2020-06-11', '68000', '2020-06-11', '2020-06-11', 'frontdesk_priya');
INSERT INTO payment (payment_id, invoice_id, payment_date, total_amt, paid_date, created_date, created_by) VALUES ('PAY094', 'INV028', '2021-01-29', '280000', '2021-02-01', '2021-01-29', 'hr_neha');
INSERT INTO payment (payment_id, invoice_id, payment_date, total_amt, paid_date, created_date, created_by) VALUES ('PAY095', 'INV076', '2018-08-18', '280000', '2018-08-20', '2018-08-18', 'reception1');
INSERT INTO payment (payment_id, invoice_id, payment_date, total_amt, paid_date, created_date, created_by) VALUES ('PAY096', 'INV041', '2024-02-14', '210000', '2024-02-17', '2024-02-14', 'manager_raj');
INSERT INTO payment (payment_id, invoice_id, payment_date, total_amt, paid_date, created_date, created_by) VALUES ('PAY097', 'INV036', '2019-08-17', '150000', '2019-08-20', '2019-08-17', 'concierge_amit');
INSERT INTO payment (payment_id, invoice_id, payment_date, total_amt, paid_date, created_date, created_by) VALUES ('PAY098', 'INV040', '2018-03-28', '750000', '2018-03-28', '2018-03-28', 'admin');
INSERT INTO payment (payment_id, invoice_id, payment_date, total_amt, paid_date, created_date, created_by) VALUES ('PAY099', 'INV089', '2025-07-13', '95000', '2025-07-15', '2025-07-13', 'ops_karan');
INSERT INTO payment (payment_id, invoice_id, payment_date, total_amt, paid_date, created_date, created_by) VALUES ('PAY100', 'INV050', '2021-06-20', '750000', '2021-06-22', '2021-06-20', 'reception1');
